H	T	d	Uc	L
1.00	7.00	5.00	-2.50	21.4121
1.00	9.00	5.00	-2.50	34.1317
1.00	10.00	5.00	-2.50	39.7386
1.00	11.00	5.00	-2.50	45.1642
1.00	12.00	5.00	-2.50	50.4872
3.00	12.00	5.00	-2.50	59.9952
1.00	13.00	5.00	-2.50	55.7502
3.00	13.00	5.00	-2.50	66.2971
1.00	14.00	5.00	-2.50	60.9783
3.00	14.00	5.00	-2.50	72.5951
1.00	15.00	5.00	-2.50	66.1862
3.00	15.00	5.00	-2.50	78.8885
1.00	16.00	5.00	-2.50	71.3827
3.00	16.00	5.00	-2.50	85.1774
1.00	17.00	5.00	-2.50	76.5730
3.00	17.00	5.00	-2.50	91.4621
1.00	18.00	5.00	-2.50	81.7600
3.00	18.00	5.00	-2.50	97.7431
1.00	19.00	5.00	-2.50	86.9452
3.00	19.00	5.00	-2.50	104.0209
1.00	20.00	5.00	-2.50	92.1294
3.00	20.00	5.00	-2.50	110.2959
1.00	7.00	10.00	-2.50	29.8618
1.00	8.00	10.00	-2.50	41.6298
3.00	8.00	10.00	-2.50	44.9714
1.00	9.00	10.00	-2.50	51.7710
3.00	9.00	10.00	-2.50	54.6620
1.00	10.00	10.00	-2.50	61.1279
3.00	10.00	10.00	-2.50	64.0242
1.00	11.00	10.00	-2.50	70.0295
3.00	11.00	10.00	-2.50	73.1641
1.00	12.00	10.00	-2.50	78.6393
3.00	12.00	10.00	-2.50	82.1640
5.00	12.00	10.00	-2.50	88.5666
1.00	13.00	10.00	-2.50	87.0503
3.00	13.00	10.00	-2.50	91.0781
5.00	13.00	10.00	-2.50	98.1345
1.00	14.00	10.00	-2.50	95.3205
3.00	14.00	10.00	-2.50	99.9413
5.00	14.00	10.00	-2.50	107.7094
1.00	15.00	10.00	-2.50	103.4881
3.00	15.00	10.00	-2.50	108.7753
5.00	15.00	10.00	-2.50	117.2890
1.00	16.00	10.00	-2.50	111.5799
3.00	16.00	10.00	-2.50	117.5932
5.00	16.00	10.00	-2.50	126.8713
1.00	17.00	10.00	-2.50	119.6150
3.00	17.00	10.00	-2.50	126.4028
5.00	17.00	10.00	-2.50	136.4544
1.00	18.00	10.00	-2.50	127.6074
3.00	18.00	10.00	-2.50	135.2081
5.00	18.00	10.00	-2.50	146.0367
1.00	19.00	10.00	-2.50	135.5677
3.00	19.00	10.00	-2.50	144.0113
5.00	19.00	10.00	-2.50	155.6174
1.00	20.00	10.00	-2.50	143.5041
3.00	20.00	10.00	-2.50	152.8134
5.00	20.00	10.00	-2.50	165.1959
1.00	7.00	15.00	-2.50	32.2785
3.00	8.00	15.00	-2.50	50.9351
1.00	9.00	15.00	-2.50	62.0633
3.00	9.00	15.00	-2.50	64.0889
1.00	10.00	15.00	-2.50	74.8234
3.00	10.00	15.00	-2.50	76.5888
5.00	10.00	15.00	-2.50	79.9782
1.00	11.00	15.00	-2.50	86.8430
3.00	11.00	15.00	-2.50	88.5762
5.00	11.00	15.00	-2.50	91.9693
1.00	12.00	15.00	-2.50	98.3701
3.00	12.00	15.00	-2.50	100.1993
5.00	12.00	15.00	-2.50	103.7892
1.00	13.00	15.00	-2.50	109.5529
3.00	13.00	15.00	-2.50	111.5661
5.00	13.00	15.00	-2.50	115.4863
7.00	13.00	15.00	-2.50	121.0394
1.00	14.00	15.00	-2.50	120.4851
3.00	14.00	15.00	-2.50	122.7519
5.00	14.00	15.00	-2.50	127.1020
7.00	14.00	15.00	-2.50	133.1411
1.00	15.00	15.00	-2.50	131.2294
3.00	15.00	15.00	-2.50	133.8097
5.00	15.00	15.00	-2.50	138.6662
7.00	15.00	15.00	-2.50	145.2540
1.00	16.00	15.00	-2.50	141.8293
3.00	16.00	15.00	-2.50	144.7769
5.00	16.00	15.00	-2.50	150.1999
7.00	16.00	15.00	-2.50	157.3718
9.00	16.00	15.00	-2.50	165.3228
1.00	17.00	15.00	-2.50	152.3162
3.00	17.00	15.00	-2.50	155.6805
5.00	17.00	15.00	-2.50	161.7162
7.00	17.00	15.00	-2.50	169.4963
9.00	17.00	15.00	-2.50	177.9828
1.00	18.00	15.00	-2.50	162.7134
3.00	18.00	15.00	-2.50	166.5401
5.00	18.00	15.00	-2.50	173.2238
7.00	18.00	15.00	-2.50	181.6261
9.00	18.00	15.00	-2.50	190.6358
1.00	19.00	15.00	-2.50	173.0384
3.00	19.00	15.00	-2.50	177.3697
5.00	19.00	15.00	-2.50	184.7273
7.00	19.00	15.00	-2.50	193.7596
9.00	19.00	15.00	-2.50	203.2963
1.00	20.00	15.00	-2.50	183.3049
3.00	20.00	15.00	-2.50	188.1795
5.00	20.00	15.00	-2.50	196.2294
7.00	20.00	15.00	-2.50	205.8953
9.00	20.00	15.00	-2.50	215.9616
1.00	7.00	20.00	-2.50	32.7670
3.00	8.00	20.00	-2.50	53.7868
1.00	9.00	20.00	-2.50	68.1147
3.00	9.00	20.00	-2.50	69.9131
5.00	9.00	20.00	-2.50	73.1623
1.00	10.00	20.00	-2.50	83.9800
3.00	10.00	20.00	-2.50	85.3787
5.00	10.00	20.00	-2.50	88.0538
1.00	11.00	20.00	-2.50	98.8846
3.00	11.00	20.00	-2.50	100.1329
5.00	11.00	20.00	-2.50	102.5748
7.00	11.00	20.00	-2.50	106.1799
1.00	12.00	20.00	-2.50	113.1026
3.00	12.00	20.00	-2.50	114.3259
5.00	12.00	20.00	-2.50	116.7454
7.00	12.00	20.00	-2.50	120.3033
1.00	13.00	20.00	-2.50	126.8252
3.00	13.00	20.00	-2.50	128.0997
5.00	13.00	20.00	-2.50	130.6273
7.00	13.00	20.00	-2.50	134.3527
1.00	14.00	20.00	-2.50	140.1810
3.00	14.00	20.00	-2.50	141.5616
5.00	14.00	20.00	-2.50	144.2917
7.00	14.00	20.00	-2.50	148.2951
9.00	14.00	20.00	-2.50	153.4210
1.00	15.00	20.00	-2.50	153.2584
3.00	15.00	20.00	-2.50	154.7892
5.00	15.00	20.00	-2.50	157.7964
7.00	15.00	20.00	-2.50	162.1616
9.00	15.00	20.00	-2.50	167.6839
1.00	16.00	20.00	-2.50	166.1197
3.00	16.00	20.00	-2.50	167.8395
5.00	16.00	20.00	-2.50	171.1859
7.00	16.00	20.00	-2.50	175.9778
9.00	16.00	20.00	-2.50	181.9486
1.00	17.00	20.00	-2.50	178.8099
3.00	17.00	20.00	-2.50	180.7544
5.00	17.00	20.00	-2.50	184.4935
7.00	17.00	20.00	-2.50	189.7627
9.00	17.00	20.00	-2.50	196.2197
11.00	17.00	20.00	-2.50	203.4225
1.00	18.00	20.00	-2.50	191.3624
3.00	18.00	20.00	-2.50	193.5656
5.00	18.00	20.00	-2.50	197.7440
7.00	18.00	20.00	-2.50	203.5295
9.00	18.00	20.00	-2.50	210.4981
11.00	18.00	20.00	-2.50	218.1585
1.00	19.00	20.00	-2.50	203.8028
3.00	19.00	20.00	-2.50	206.2973
5.00	19.00	20.00	-2.50	210.9556
7.00	19.00	20.00	-2.50	217.2869
9.00	19.00	20.00	-2.50	224.7839
11.00	19.00	20.00	-2.50	232.9188
1.00	20.00	20.00	-2.50	216.1507
3.00	20.00	20.00	-2.50	218.9681
5.00	20.00	20.00	-2.50	224.1414
7.00	20.00	20.00	-2.50	231.0403
9.00	20.00	20.00	-2.50	239.0761
11.00	20.00	20.00	-2.50	247.6874
1.00	7.00	25.00	-2.50	32.8461
3.00	8.00	25.00	-2.50	54.9590
1.00	9.00	25.00	-2.50	71.5070
3.00	9.00	25.00	-2.50	73.2659
5.00	9.00	25.00	-2.50	76.4821
1.00	10.00	25.00	-2.50	90.0823
3.00	10.00	25.00	-2.50	91.3471
5.00	10.00	25.00	-2.50	93.7442
1.00	11.00	25.00	-2.50	107.6553
3.00	11.00	25.00	-2.50	108.6987
5.00	11.00	25.00	-2.50	110.7312
7.00	11.00	25.00	-2.50	113.6641
1.00	12.00	25.00	-2.50	124.3983
3.00	12.00	25.00	-2.50	125.3530
5.00	12.00	25.00	-2.50	127.2382
7.00	12.00	25.00	-2.50	130.0104
9.00	12.00	25.00	-2.50	133.6153
1.00	13.00	25.00	-2.50	140.5054
3.00	13.00	25.00	-2.50	141.4461
5.00	13.00	25.00	-2.50	143.3152
7.00	13.00	25.00	-2.50	146.0873
9.00	13.00	25.00	-2.50	149.7203
1.00	14.00	25.00	-2.50	156.1287
3.00	14.00	25.00	-2.50	157.1041
5.00	14.00	25.00	-2.50	159.0455
7.00	14.00	25.00	-2.50	161.9306
9.00	14.00	25.00	-2.50	165.7202
11.00	14.00	25.00	-2.50	170.9669
1.00	15.00	25.00	-2.50	171.3793
3.00	15.00	25.00	-2.50	172.4256
5.00	15.00	25.00	-2.50	174.5056
7.00	15.00	25.00	-2.50	177.5891
9.00	15.00	25.00	-2.50	181.6203
11.00	15.00	25.00	-2.50	186.5026
1.00	16.00	25.00	-2.50	186.3378
3.00	16.00	25.00	-2.50	187.4850
5.00	16.00	25.00	-2.50	189.7575
7.00	16.00	25.00	-2.50	193.1074
9.00	16.00	25.00	-2.50	197.4546
11.00	16.00	25.00	-2.50	202.6757
1.00	17.00	25.00	-2.50	201.0636
3.00	17.00	25.00	-2.50	202.3383
5.00	17.00	25.00	-2.50	204.8498
7.00	17.00	25.00	-2.50	208.5223
9.00	17.00	25.00	-2.50	213.2411
11.00	17.00	25.00	-2.50	218.8486
1.00	18.00	25.00	-2.50	215.6012
3.00	18.00	25.00	-2.50	217.0280
5.00	18.00	25.00	-2.50	219.8203
7.00	18.00	25.00	-2.50	223.8629
9.00	18.00	25.00	-2.50	228.9968
11.00	18.00	25.00	-2.50	235.0256
13.00	18.00	25.00	-2.50	241.6955
1.00	19.00	25.00	-2.50	229.9847
3.00	19.00	25.00	-2.50	231.5872
5.00	19.00	25.00	-2.50	234.6983
7.00	19.00	25.00	-2.50	239.1511
9.00	19.00	25.00	-2.50	244.7342
11.00	19.00	25.00	-2.50	251.2093
13.00	19.00	25.00	-2.50	258.2925
1.00	20.00	25.00	-2.50	244.2402
3.00	20.00	25.00	-2.50	246.0416
5.00	20.00	25.00	-2.50	249.5066
7.00	20.00	25.00	-2.50	254.4037
9.00	20.00	25.00	-2.50	260.4621
11.00	20.00	25.00	-2.50	267.4009
13.00	20.00	25.00	-2.50	274.9174
1.00	7.00	30.00	-2.50	32.8580
3.00	8.00	30.00	-2.50	55.3884
1.00	9.00	30.00	-2.50	73.2834
3.00	9.00	30.00	-2.50	75.0614
5.00	9.00	30.00	-2.50	78.2295
1.00	10.00	30.00	-2.50	94.0457
3.00	10.00	30.00	-2.50	95.2681
5.00	10.00	30.00	-2.50	97.5758
7.00	10.00	30.00	-2.50	100.7704
1.00	11.00	30.00	-2.50	114.0240
3.00	11.00	30.00	-2.50	114.9744
5.00	11.00	30.00	-2.50	116.8198
7.00	11.00	30.00	-2.50	119.4684
1.00	12.00	30.00	-2.50	133.1323
3.00	12.00	30.00	-2.50	133.9528
5.00	12.00	30.00	-2.50	135.5691
7.00	12.00	30.00	-2.50	137.9375
1.00	13.00	30.00	-2.50	151.4995
3.00	13.00	30.00	-2.50	152.2673
5.00	13.00	30.00	-2.50	153.7913
7.00	13.00	30.00	-2.50	156.0495
9.00	13.00	30.00	-2.50	159.0111
11.00	13.00	30.00	-2.50	162.7741
1.00	14.00	30.00	-2.50	169.2755
3.00	14.00	30.00	-2.50	170.0381
5.00	14.00	30.00	-2.50	171.5570
7.00	14.00	30.00	-2.50	173.8195
9.00	14.00	30.00	-2.50	176.8046
11.00	14.00	30.00	-2.50	180.4793
1.00	15.00	30.00	-2.50	186.5853
3.00	15.00	30.00	-2.50	187.3755
5.00	15.00	30.00	-2.50	188.9509
7.00	15.00	30.00	-2.50	191.3006
9.00	15.00	30.00	-2.50	194.4044
11.00	15.00	30.00	-2.50	198.2370
1.00	16.00	30.00	-2.50	203.5252
3.00	16.00	30.00	-2.50	204.3683
5.00	16.00	30.00	-2.50	206.0478
7.00	16.00	30.00	-2.50	208.5491
9.00	16.00	30.00	-2.50	211.8457
11.00	16.00	30.00	-2.50	215.8947
13.00	16.00	30.00	-2.50	220.6277
1.00	17.00	30.00	-2.50	220.1681
3.00	17.00	30.00	-2.50	221.0853
5.00	17.00	30.00	-2.50	222.9087
7.00	17.00	30.00	-2.50	225.6146
9.00	17.00	30.00	-2.50	229.1639
11.00	17.00	30.00	-2.50	233.4982
13.00	17.00	30.00	-2.50	238.5335
1.00	18.00	30.00	-2.50	236.5695
3.00	18.00	30.00	-2.50	237.5800
5.00	18.00	30.00	-2.50	239.5823
7.00	18.00	30.00	-2.50	242.5382
9.00	18.00	30.00	-2.50	246.3897
11.00	18.00	30.00	-2.50	251.0573
13.00	18.00	30.00	-2.50	256.4359
1.00	19.00	30.00	-2.50	252.7723
3.00	19.00	30.00	-2.50	253.8939
5.00	19.00	30.00	-2.50	256.1070
7.00	19.00	30.00	-2.50	259.3529
9.00	19.00	30.00	-2.50	263.5481
11.00	19.00	30.00	-2.50	268.5871
13.00	19.00	30.00	-2.50	274.3418
1.00	20.00	30.00	-2.50	268.8098
3.00	20.00	30.00	-2.50	270.0598
5.00	20.00	30.00	-2.50	272.5135
7.00	20.00	30.00	-2.50	276.0850
9.00	20.00	30.00	-2.50	280.6588
11.00	20.00	30.00	-2.50	286.0991
13.00	20.00	30.00	-2.50	292.2533
1.00	7.00	35.00	-2.50	32.8598
3.00	8.00	35.00	-2.50	55.5352
1.00	9.00	35.00	-2.50	74.1540
3.00	9.00	35.00	-2.50	75.9612
5.00	9.00	35.00	-2.50	79.1756
1.00	10.00	35.00	-2.50	96.5280
3.00	10.00	35.00	-2.50	97.7468
5.00	10.00	35.00	-2.50	100.0419
7.00	10.00	35.00	-2.50	103.1984
1.00	11.00	35.00	-2.50	118.5831
3.00	11.00	35.00	-2.50	119.4933
5.00	11.00	35.00	-2.50	121.2564
7.00	11.00	35.00	-2.50	123.7766
9.00	11.00	35.00	-2.50	127.2269
1.00	12.00	35.00	-2.50	139.8744
3.00	12.00	35.00	-2.50	140.6243
5.00	12.00	35.00	-2.50	142.0986
7.00	12.00	35.00	-2.50	144.2519
9.00	12.00	35.00	-2.50	147.0280
1.00	13.00	35.00	-2.50	160.3814
3.00	13.00	35.00	-2.50	161.0522
5.00	13.00	35.00	-2.50	162.3818
7.00	13.00	35.00	-2.50	164.3477
9.00	13.00	35.00	-2.50	166.9200
11.00	13.00	35.00	-2.50	170.2909
1.00	14.00	35.00	-2.50	180.2134
3.00	14.00	35.00	-2.50	180.8535
5.00	14.00	35.00	-2.50	182.1277
7.00	14.00	35.00	-2.50	184.0241
9.00	14.00	35.00	-2.50	186.5261
11.00	14.00	35.00	-2.50	189.6122
13.00	14.00	35.00	-2.50	193.3393
1.00	15.00	35.00	-2.50	199.4934
3.00	15.00	35.00	-2.50	200.1345
5.00	15.00	35.00	-2.50	201.4132
7.00	15.00	35.00	-2.50	203.3224
9.00	15.00	35.00	-2.50	205.8507
11.00	15.00	35.00	-2.50	208.9810
13.00	15.00	35.00	-2.50	212.6872
1.00	16.00	35.00	-2.50	218.3269
3.00	16.00	35.00	-2.50	218.9921
5.00	16.00	35.00	-2.50	220.3194
7.00	16.00	35.00	-2.50	222.3028
9.00	16.00	35.00	-2.50	224.9310
11.00	16.00	35.00	-2.50	228.1864
13.00	16.00	35.00	-2.50	232.0459
1.00	17.00	35.00	-2.50	236.7981
3.00	17.00	35.00	-2.50	237.5057
5.00	17.00	35.00	-2.50	238.9169
7.00	17.00	35.00	-2.50	241.0233
9.00	17.00	35.00	-2.50	243.8102
11.00	17.00	35.00	-2.50	247.2546
13.00	17.00	35.00	-2.50	251.3219
1.00	18.00	35.00	-2.50	254.9727
3.00	18.00	35.00	-2.50	255.7385
5.00	18.00	35.00	-2.50	257.2636
7.00	18.00	35.00	-2.50	259.5344
9.00	18.00	35.00	-2.50	262.5288
11.00	18.00	35.00	-2.50	266.2145
13.00	18.00	35.00	-2.50	270.5463
1.00	19.00	35.00	-2.50	272.9022
3.00	19.00	35.00	-2.50	273.7405
5.00	19.00	35.00	-2.50	275.4064
7.00	19.00	35.00	-2.50	277.8778
9.00	19.00	35.00	-2.50	281.1216
11.00	19.00	35.00	-2.50	285.0919
13.00	19.00	35.00	-2.50	289.7297
1.00	20.00	35.00	-2.50	290.6272
3.00	20.00	35.00	-2.50	291.5515
5.00	20.00	35.00	-2.50	293.3828
7.00	20.00	35.00	-2.50	296.0877
9.00	20.00	35.00	-2.50	299.6172
11.00	20.00	35.00	-2.50	303.9085
13.00	20.00	35.00	-2.50	308.8857
1.00	7.00	40.00	-2.50	32.8601
3.00	8.00	40.00	-2.50	55.5837
1.00	9.00	40.00	-2.50	74.5594
3.00	9.00	40.00	-2.50	76.3896
5.00	9.00	40.00	-2.50	79.6435
1.00	10.00	40.00	-2.50	98.0234
3.00	10.00	40.00	-2.50	99.2533
5.00	10.00	40.00	-2.50	101.5657
7.00	10.00	40.00	-2.50	104.7373
1.00	11.00	40.00	-2.50	121.7806
3.00	11.00	40.00	-2.50	122.6772
5.00	11.00	40.00	-2.50	124.4111
7.00	11.00	40.00	-2.50	126.8823
9.00	11.00	40.00	-2.50	130.2890
1.00	12.00	40.00	-2.50	145.0377
3.00	12.00	40.00	-2.50	145.7508
5.00	12.00	40.00	-2.50	147.1505
7.00	12.00	40.00	-2.50	149.1896
9.00	12.00	40.00	-2.50	151.8095
11.00	12.00	40.00	-2.50	155.0814
1.00	13.00	40.00	-2.50	167.5533
3.00	13.00	40.00	-2.50	168.1675
5.00	13.00	40.00	-2.50	169.3832
7.00	13.00	40.00	-2.50	171.1769
9.00	13.00	40.00	-2.50	173.5179
11.00	13.00	40.00	-2.50	176.3750
1.00	14.00	40.00	-2.50	189.3485
3.00	14.00	40.00	-2.50	189.9139
5.00	14.00	40.00	-2.50	191.0382
7.00	14.00	40.00	-2.50	192.7093
9.00	14.00	40.00	-2.50	194.9107
11.00	14.00	40.00	-2.50	197.6218
1.00	15.00	40.00	-2.50	210.5216
3.00	15.00	40.00	-2.50	211.0700
5.00	15.00	40.00	-2.50	212.1633
7.00	15.00	40.00	-2.50	213.7951
9.00	15.00	40.00	-2.50	215.9557
11.00	15.00	40.00	-2.50	218.6322
13.00	15.00	40.00	-2.50	221.8078
1.00	16.00	40.00	-2.50	231.1773
3.00	16.00	40.00	-2.50	231.7308
5.00	16.00	40.00	-2.50	232.8358
7.00	16.00	40.00	-2.50	234.4882
9.00	16.00	40.00	-2.50	236.6811
11.00	16.00	40.00	-2.50	239.4046
13.00	16.00	40.00	-2.50	242.6441
1.00	17.00	40.00	-2.50	251.4064
3.00	17.00	40.00	-2.50	251.9820
5.00	17.00	40.00	-2.50	253.1313
7.00	17.00	40.00	-2.50	254.8504
9.00	17.00	40.00	-2.50	257.1325
11.00	17.00	40.00	-2.50	259.9671
13.00	17.00	40.00	-2.50	263.3384
1.00	18.00	40.00	-2.50	271.2833
3.00	18.00	40.00	-2.50	271.8948
5.00	18.00	40.00	-2.50	273.1151
7.00	18.00	40.00	-2.50	274.9388
9.00	18.00	40.00	-2.50	277.3566
11.00	18.00	40.00	-2.50	280.3547
13.00	18.00	40.00	-2.50	283.9129
1.00	19.00	40.00	-2.50	290.8675
3.00	19.00	40.00	-2.50	291.5269
5.00	19.00	40.00	-2.50	292.8414
7.00	19.00	40.00	-2.50	294.8022
9.00	19.00	40.00	-2.50	297.3955
11.00	19.00	40.00	-2.50	300.6011
13.00	19.00	40.00	-2.50	304.3917
1.00	20.00	40.00	-2.50	310.2064
3.00	20.00	40.00	-2.50	310.9247
5.00	20.00	40.00	-2.50	312.3544
7.00	20.00	40.00	-2.50	314.4816
9.00	20.00	40.00	-2.50	317.2851
11.00	20.00	40.00	-2.50	320.7359
13.00	20.00	40.00	-2.50	324.7970
1.00	7.00	45.00	-2.50	32.8601
3.00	8.00	45.00	-2.50	55.5995
1.00	9.00	45.00	-2.50	74.7419
3.00	9.00	45.00	-2.50	76.5868
5.00	9.00	45.00	-2.50	79.8670
1.00	10.00	45.00	-2.50	98.8933
3.00	10.00	45.00	-2.50	100.1373
5.00	10.00	45.00	-2.50	102.4744
7.00	10.00	45.00	-2.50	105.6934
1.00	11.00	45.00	-2.50	123.9718
3.00	11.00	45.00	-2.50	124.8681
5.00	11.00	45.00	-2.50	126.5994
7.00	11.00	45.00	-2.50	129.0622
9.00	11.00	45.00	-2.50	132.1407
1.00	12.00	45.00	-2.50	148.9454
3.00	12.00	45.00	-2.50	149.6407
5.00	12.00	45.00	-2.50	151.0038
7.00	12.00	45.00	-2.50	152.9860
9.00	12.00	45.00	-2.50	155.5257
11.00	12.00	45.00	-2.50	158.8994
1.00	13.00	45.00	-2.50	173.3194
3.00	13.00	45.00	-2.50	173.9002
5.00	13.00	45.00	-2.50	175.0485
7.00	13.00	45.00	-2.50	176.7400
9.00	13.00	45.00	-2.50	178.9425
11.00	13.00	45.00	-2.50	181.6201
13.00	13.00	45.00	-2.50	184.9350
1.00	14.00	45.00	-2.50	196.9800
3.00	14.00	45.00	-2.50	197.4981
5.00	14.00	45.00	-2.50	198.5276
7.00	14.00	45.00	-2.50	200.0558
9.00	14.00	45.00	-2.50	202.0653
11.00	14.00	45.00	-2.50	204.5353
13.00	14.00	45.00	-2.50	207.4430
1.00	15.00	45.00	-2.50	219.9728
3.00	15.00	45.00	-2.50	220.4608
5.00	15.00	45.00	-2.50	221.4333
7.00	15.00	45.00	-2.50	222.8835
9.00	15.00	45.00	-2.50	224.8018
11.00	15.00	45.00	-2.50	227.1759
13.00	15.00	45.00	-2.50	229.9916
1.00	16.00	45.00	-2.50	242.3876
3.00	16.00	45.00	-2.50	242.8676
5.00	16.00	45.00	-2.50	243.8256
7.00	16.00	45.00	-2.50	245.2577
9.00	16.00	45.00	-2.50	247.1582
11.00	16.00	45.00	-2.50	249.5194
13.00	16.00	45.00	-2.50	252.3310
1.00	17.00	45.00	-2.50	264.3159
3.00	17.00	45.00	-2.50	264.8039
5.00	17.00	45.00	-2.50	265.7785
7.00	17.00	45.00	-2.50	267.2373
9.00	17.00	45.00	-2.50	269.1759
11.00	17.00	45.00	-2.50	271.5879
13.00	17.00	45.00	-2.50	274.4646
1.00	18.00	45.00	-2.50	285.8372
3.00	18.00	45.00	-2.50	286.3459
5.00	18.00	45.00	-2.50	287.3620
7.00	18.00	45.00	-2.50	288.8829
9.00	18.00	45.00	-2.50	290.9039
11.00	18.00	45.00	-2.50	293.4183
13.00	18.00	45.00	-2.50	296.4160
1.00	19.00	45.00	-2.50	307.0178
3.00	19.00	45.00	-2.50	307.5579
5.00	19.00	45.00	-2.50	308.6362
7.00	19.00	45.00	-2.50	310.2488
9.00	19.00	45.00	-2.50	312.3896
11.00	19.00	45.00	-2.50	315.0491
13.00	19.00	45.00	-2.50	318.2142
1.00	20.00	45.00	-2.50	327.9114
3.00	20.00	45.00	-2.50	328.4923
5.00	20.00	45.00	-2.50	329.6512
7.00	20.00	45.00	-2.50	331.3818
9.00	20.00	45.00	-2.50	333.6746
11.00	20.00	45.00	-2.50	336.5160
13.00	20.00	45.00	-2.50	339.8878
1.00	7.00	50.00	-2.50	32.8601
3.00	8.00	50.00	-2.50	55.6047
1.00	9.00	50.00	-2.50	74.8224
3.00	9.00	50.00	-2.50	76.6757
5.00	9.00	50.00	-2.50	79.9716
1.00	10.00	50.00	-2.50	99.3851
3.00	10.00	50.00	-2.50	100.6415
5.00	10.00	50.00	-2.50	103.0012
7.00	10.00	50.00	-2.50	106.2880
1.00	11.00	50.00	-2.50	125.4389
3.00	11.00	50.00	-2.50	126.3409
5.00	11.00	50.00	-2.50	128.0819
7.00	11.00	50.00	-2.50	130.5552
9.00	11.00	50.00	-2.50	133.6376
1.00	12.00	50.00	-2.50	151.8612
3.00	12.00	50.00	-2.50	152.5497
5.00	12.00	50.00	-2.50	153.8984
7.00	12.00	50.00	-2.50	155.8569
9.00	12.00	50.00	-2.50	158.3611
11.00	12.00	50.00	-2.50	161.6850
1.00	13.00	50.00	-2.50	177.9231
3.00	13.00	50.00	-2.50	178.4846
5.00	13.00	50.00	-2.50	179.5940
7.00	13.00	50.00	-2.50	181.2260
9.00	13.00	50.00	-2.50	183.3470
11.00	13.00	50.00	-2.50	185.9188
13.00	13.00	50.00	-2.50	189.1476
1.00	14.00	50.00	-2.50	203.3412
3.00	14.00	50.00	-2.50	203.8289
5.00	14.00	50.00	-2.50	204.7975
7.00	14.00	50.00	-2.50	206.2336
9.00	14.00	50.00	-2.50	208.1191
11.00	14.00	50.00	-2.50	210.4323
13.00	14.00	50.00	-2.50	213.1498
1.00	15.00	50.00	-2.50	228.0784
3.00	15.00	50.00	-2.50	228.5260
5.00	15.00	50.00	-2.50	229.4174
7.00	15.00	50.00	-2.50	230.7455
9.00	15.00	50.00	-2.50	232.5002
11.00	15.00	50.00	-2.50	234.6692
13.00	15.00	50.00	-2.50	237.2381
1.00	16.00	50.00	-2.50	252.1931
3.00	16.00	50.00	-2.50	252.6227
5.00	16.00	50.00	-2.50	253.4799
7.00	16.00	50.00	-2.50	254.7608
9.00	16.00	50.00	-2.50	256.4595
11.00	16.00	50.00	-2.50	258.5687
13.00	16.00	50.00	-2.50	261.0795
1.00	17.00	50.00	-2.50	275.7681
3.00	17.00	50.00	-2.50	276.1956
5.00	17.00	50.00	-2.50	277.0494
7.00	17.00	50.00	-2.50	278.3271
9.00	17.00	50.00	-2.50	280.0253
11.00	17.00	50.00	-2.50	282.1389
13.00	17.00	50.00	-2.50	284.6614
1.00	18.00	50.00	-2.50	298.8843
3.00	18.00	50.00	-2.50	299.3217
5.00	18.00	50.00	-2.50	300.1957
7.00	18.00	50.00	-2.50	301.5044
9.00	18.00	50.00	-2.50	303.2451
11.00	18.00	50.00	-2.50	305.4135
13.00	18.00	50.00	-2.50	308.0038
1.00	19.00	50.00	-2.50	321.6125
3.00	19.00	50.00	-2.50	322.0696
5.00	19.00	50.00	-2.50	322.9829
7.00	19.00	50.00	-2.50	324.3504
9.00	19.00	50.00	-2.50	326.1689
11.00	19.00	50.00	-2.50	328.4335
13.00	19.00	50.00	-2.50	331.1373
1.00	20.00	50.00	-2.50	344.0119
3.00	20.00	50.00	-2.50	344.4971
5.00	20.00	50.00	-2.50	345.4662
7.00	20.00	50.00	-2.50	346.9163
9.00	20.00	50.00	-2.50	348.8427
11.00	20.00	50.00	-2.50	351.2387
13.00	20.00	50.00	-2.50	354.0950
1.00	6.00	5.00	-2.00	21.2912
1.00	7.00	5.00	-2.00	28.1424
1.00	8.00	5.00	-2.00	34.4279
1.00	9.00	5.00	-2.00	40.4356
1.00	10.00	5.00	-2.00	46.2933
1.00	11.00	5.00	-2.00	52.0668
3.00	11.00	5.00	-2.00	60.6115
1.00	12.00	5.00	-2.00	57.7931
3.00	12.00	5.00	-2.00	67.3863
1.00	13.00	5.00	-2.00	63.4936
3.00	13.00	5.00	-2.00	74.1617
1.00	14.00	5.00	-2.00	69.1806
3.00	14.00	5.00	-2.00	80.9358
1.00	15.00	5.00	-2.00	74.8612
3.00	15.00	5.00	-2.00	87.7081
1.00	16.00	5.00	-2.00	80.5390
3.00	16.00	5.00	-2.00	94.4783
1.00	18.00	5.00	-2.00	91.8927
3.00	18.00	5.00	-2.00	108.0130
3.00	19.00	5.00	-2.00	110.5315
1.00	20.00	5.00	-2.00	103.2464
3.00	20.00	5.00	-2.00	121.5414
1.00	6.00	10.00	-2.00	26.5907
1.00	7.00	10.00	-2.00	38.3673
1.00	8.00	10.00	-2.00	48.9514
3.00	8.00	10.00	-2.00	51.5359
1.00	9.00	10.00	-2.00	58.8018
3.00	9.00	10.00	-2.00	61.3579
1.00	10.00	10.00	-2.00	68.1986
3.00	10.00	10.00	-2.00	70.9673
1.00	11.00	10.00	-2.00	77.2994
3.00	11.00	10.00	-2.00	80.4380
5.00	11.00	10.00	-2.00	86.1749
1.00	12.00	10.00	-2.00	86.1978
3.00	12.00	10.00	-2.00	89.8244
5.00	12.00	10.00	-2.00	96.2024
1.00	13.00	10.00	-2.00	94.9533
3.00	13.00	10.00	-2.00	99.1620
5.00	13.00	10.00	-2.00	106.2455
1.00	14.00	10.00	-2.00	103.6054
3.00	14.00	10.00	-2.00	108.4732
5.00	14.00	10.00	-2.00	116.2986
1.00	15.00	10.00	-2.00	112.1818
3.00	15.00	10.00	-2.00	117.7713
5.00	15.00	10.00	-2.00	126.3587
1.00	16.00	10.00	-2.00	120.7021
3.00	16.00	10.00	-2.00	127.0638
5.00	16.00	10.00	-2.00	136.4228
1.00	17.00	10.00	-2.00	129.1808
3.00	17.00	10.00	-2.00	136.3543
5.00	17.00	10.00	-2.00	146.4888
1.00	18.00	10.00	-2.00	137.6287
3.00	18.00	10.00	-2.00	145.6447
5.00	18.00	10.00	-2.00	156.5552
1.00	19.00	10.00	-2.00	146.0541
3.00	19.00	10.00	-2.00	154.9354
5.00	19.00	10.00	-2.00	166.6209
1.00	20.00	10.00	-2.00	154.4632
3.00	20.00	10.00	-2.00	164.2264
5.00	20.00	10.00	-2.00	176.6854
1.00	5.00	15.00	-2.00	14.6431
1.00	7.00	15.00	-2.00	42.5041
3.00	7.00	15.00	-2.00	45.3297
1.00	8.00	15.00	-2.00	56.7540
3.00	8.00	15.00	-2.00	58.7113
1.00	9.00	15.00	-2.00	70.0526
3.00	9.00	15.00	-2.00	71.6937
5.00	9.00	15.00	-2.00	74.8969
1.00	10.00	15.00	-2.00	82.6314
3.00	10.00	15.00	-2.00	84.2055
5.00	10.00	15.00	-2.00	87.2872
1.00	11.00	15.00	-2.00	94.7042
3.00	11.00	15.00	-2.00	96.3495
5.00	11.00	15.00	-2.00	99.5863
1.00	12.00	15.00	-2.00	106.4170
3.00	12.00	15.00	-2.00	108.2268
5.00	12.00	15.00	-2.00	111.7628
1.00	13.00	15.00	-2.00	117.8669
3.00	13.00	15.00	-2.00	119.9141
5.00	13.00	15.00	-2.00	123.8562
7.00	13.00	15.00	-2.00	129.3653
1.00	14.00	15.00	-2.00	129.1199
3.00	14.00	15.00	-2.00	131.4670
5.00	14.00	15.00	-2.00	135.8976
7.00	14.00	15.00	-2.00	141.9381
1.00	15.00	15.00	-2.00	140.2223
3.00	15.00	15.00	-2.00	142.9254
5.00	15.00	15.00	-2.00	147.9090
7.00	15.00	15.00	-2.00	154.5256
1.00	16.00	15.00	-2.00	151.2072
3.00	16.00	15.00	-2.00	154.3182
5.00	16.00	15.00	-2.00	159.9047
7.00	16.00	15.00	-2.00	167.1243
9.00	16.00	15.00	-2.00	175.0277
1.00	17.00	15.00	-2.00	162.0996
3.00	17.00	15.00	-2.00	165.6662
5.00	17.00	15.00	-2.00	171.8934
7.00	17.00	15.00	-2.00	179.7321
9.00	17.00	15.00	-2.00	188.1590
1.00	18.00	15.00	-2.00	172.9179
3.00	18.00	15.00	-2.00	176.9843
5.00	18.00	15.00	-2.00	183.8801
7.00	18.00	15.00	-2.00	192.3468
9.00	18.00	15.00	-2.00	201.3010
1.00	19.00	15.00	-2.00	183.6767
3.00	19.00	15.00	-2.00	188.2833
5.00	19.00	15.00	-2.00	195.8673
7.00	19.00	15.00	-2.00	204.9661
9.00	19.00	15.00	-2.00	214.4504
1.00	20.00	15.00	-2.00	194.3872
3.00	20.00	15.00	-2.00	199.5705
5.00	20.00	15.00	-2.00	207.8560
7.00	20.00	15.00	-2.00	217.5883
9.00	20.00	15.00	-2.00	227.6047
1.00	6.00	20.00	-2.00	27.7044
1.00	7.00	20.00	-2.00	43.9110
3.00	7.00	20.00	-2.00	46.7837
1.00	8.00	20.00	-2.00	60.8044
3.00	8.00	20.00	-2.00	62.6431
5.00	8.00	20.00	-2.00	66.7749
1.00	9.00	20.00	-2.00	77.1025
3.00	9.00	20.00	-2.00	78.4750
5.00	9.00	20.00	-2.00	81.0873
1.00	10.00	20.00	-2.00	92.5866
3.00	10.00	20.00	-2.00	93.7677
5.00	10.00	20.00	-2.00	96.0700
1.00	11.00	20.00	-2.00	107.3954
3.00	11.00	20.00	-2.00	108.5256
5.00	11.00	20.00	-2.00	110.7593
7.00	11.00	20.00	-2.00	114.0426
1.00	12.00	20.00	-2.00	121.6917
3.00	12.00	20.00	-2.00	122.8546
5.00	12.00	20.00	-2.00	125.1628
7.00	12.00	20.00	-2.00	128.5710
1.00	13.00	20.00	-2.00	135.6021
3.00	13.00	20.00	-2.00	136.8562
5.00	13.00	20.00	-2.00	139.3405
7.00	13.00	20.00	-2.00	142.9946
1.00	14.00	20.00	-2.00	149.2181
3.00	14.00	20.00	-2.00	150.6098
5.00	14.00	20.00	-2.00	153.3495
7.00	14.00	20.00	-2.00	157.3409
9.00	14.00	20.00	-2.00	162.4144
1.00	15.00	20.00	-2.00	162.6056
3.00	15.00	20.00	-2.00	164.1752
5.00	15.00	20.00	-2.00	167.2363
7.00	15.00	20.00	-2.00	171.6355
9.00	15.00	20.00	-2.00	177.1437
1.00	16.00	20.00	-2.00	175.8127
3.00	16.00	20.00	-2.00	177.5974
5.00	16.00	20.00	-2.00	181.0363
7.00	16.00	20.00	-2.00	185.8985
9.00	16.00	20.00	-2.00	191.8819
11.00	16.00	20.00	-2.00	198.5861
1.00	17.00	20.00	-2.00	188.8755
3.00	17.00	20.00	-2.00	190.9103
5.00	17.00	20.00	-2.00	194.7763
7.00	17.00	20.00	-2.00	200.1441
9.00	17.00	20.00	-2.00	206.6324
11.00	17.00	20.00	-2.00	213.7977
1.00	18.00	20.00	-2.00	201.8210
3.00	18.00	20.00	-2.00	204.1398
5.00	18.00	20.00	-2.00	208.4758
7.00	18.00	20.00	-2.00	214.3815
9.00	18.00	20.00	-2.00	221.3938
11.00	18.00	20.00	-2.00	229.0258
1.00	19.00	20.00	-2.00	214.6703
3.00	19.00	20.00	-2.00	217.3060
5.00	19.00	20.00	-2.00	222.1491
7.00	19.00	20.00	-2.00	228.6165
9.00	19.00	20.00	-2.00	236.1648
11.00	19.00	20.00	-2.00	244.2725
1.00	20.00	20.00	-2.00	227.4400
3.00	20.00	20.00	-2.00	230.4244
5.00	20.00	20.00	-2.00	235.8063
7.00	20.00	20.00	-2.00	242.8525
9.00	20.00	20.00	-2.00	250.9436
11.00	20.00	20.00	-2.00	259.5308
1.00	6.00	25.00	-2.00	27.7176
3.00	7.00	25.00	-2.00	47.2457
1.00	8.00	25.00	-2.00	62.7360
3.00	8.00	25.00	-2.00	64.5838
1.00	9.00	25.00	-2.00	81.4169
3.00	9.00	25.00	-2.00	82.7102
5.00	9.00	25.00	-2.00	85.1916
1.00	10.00	25.00	-2.00	99.4967
3.00	10.00	25.00	-2.00	100.5235
5.00	10.00	25.00	-2.00	102.5134
1.00	11.00	25.00	-2.00	116.8427
3.00	11.00	25.00	-2.00	117.7529
5.00	11.00	25.00	-2.00	119.5462
7.00	11.00	25.00	-2.00	122.1750
1.00	12.00	25.00	-2.00	133.5574
3.00	12.00	25.00	-2.00	134.4351
5.00	12.00	25.00	-2.00	136.1780
7.00	12.00	25.00	-2.00	138.7611
9.00	12.00	25.00	-2.00	142.1438
1.00	13.00	25.00	-2.00	149.7706
3.00	13.00	25.00	-2.00	150.6693
5.00	13.00	25.00	-2.00	152.4589
7.00	13.00	25.00	-2.00	155.1207
9.00	13.00	25.00	-2.00	158.6209
1.00	14.00	25.00	-2.00	165.5910
3.00	14.00	25.00	-2.00	166.5497
5.00	14.00	25.00	-2.00	168.4573
7.00	14.00	25.00	-2.00	171.2902
9.00	14.00	25.00	-2.00	175.0034
11.00	14.00	25.00	-2.00	179.5227
1.00	15.00	25.00	-2.00	181.1021
3.00	15.00	25.00	-2.00	182.1521
5.00	15.00	25.00	-2.00	184.2349
7.00	15.00	25.00	-2.00	187.3121
9.00	15.00	25.00	-2.00	191.3180
11.00	15.00	25.00	-2.00	196.1477
1.00	16.00	25.00	-2.00	196.3667
3.00	16.00	25.00	-2.00	197.5357
5.00	16.00	25.00	-2.00	199.8425
7.00	16.00	25.00	-2.00	203.2240
9.00	16.00	25.00	-2.00	207.5834
11.00	16.00	25.00	-2.00	212.7842
1.00	17.00	25.00	-2.00	211.4324
3.00	17.00	25.00	-2.00	212.7458
5.00	17.00	25.00	-2.00	215.3203
7.00	17.00	25.00	-2.00	219.0567
9.00	17.00	25.00	-2.00	223.8173
11.00	17.00	25.00	-2.00	229.4286
13.00	17.00	25.00	-2.00	235.6616
1.00	18.00	25.00	-2.00	226.3356
3.00	18.00	25.00	-2.00	227.8178
5.00	18.00	25.00	-2.00	230.6997
7.00	18.00	25.00	-2.00	234.8340
9.00	18.00	25.00	-2.00	240.0332
11.00	18.00	25.00	-2.00	246.0832
13.00	18.00	25.00	-2.00	252.7348
1.00	19.00	25.00	-2.00	241.1045
3.00	19.00	25.00	-2.00	242.7794
5.00	19.00	25.00	-2.00	246.0052
7.00	19.00	25.00	-2.00	250.5739
9.00	19.00	25.00	-2.00	256.2403
11.00	19.00	25.00	-2.00	262.7489
13.00	19.00	25.00	-2.00	269.8198
1.00	20.00	25.00	-2.00	255.7614
3.00	20.00	25.00	-2.00	257.6523
5.00	20.00	25.00	-2.00	261.2560
7.00	20.00	25.00	-2.00	266.2896
9.00	20.00	25.00	-2.00	272.4448
11.00	20.00	25.00	-2.00	279.4253
13.00	20.00	25.00	-2.00	286.9293
1.00	6.00	30.00	-2.00	27.7190
1.00	7.00	30.00	-2.00	44.4172
3.00	7.00	30.00	-2.00	47.3770
1.00	8.00	30.00	-2.00	63.5783
3.00	8.00	30.00	-2.00	65.4573
1.00	9.00	30.00	-2.00	83.9416
3.00	9.00	30.00	-2.00	85.2235
5.00	9.00	30.00	-2.00	87.6263
1.00	10.00	30.00	-2.00	104.2253
3.00	10.00	30.00	-2.00	105.1908
5.00	10.00	30.00	-2.00	107.0545
7.00	10.00	30.00	-2.00	109.7067
1.00	11.00	30.00	-2.00	123.8909
3.00	11.00	30.00	-2.00	124.6969
5.00	11.00	30.00	-2.00	126.2797
7.00	11.00	30.00	-2.00	128.5884
9.00	11.00	30.00	-2.00	131.7822
1.00	12.00	30.00	-2.00	142.8763
3.00	12.00	30.00	-2.00	143.6105
5.00	12.00	30.00	-2.00	145.0657
7.00	12.00	30.00	-2.00	147.2172
9.00	12.00	30.00	-2.00	150.0320
1.00	13.00	30.00	-2.00	161.2693
3.00	13.00	30.00	-2.00	161.9850
5.00	13.00	30.00	-2.00	163.4098
7.00	13.00	30.00	-2.00	165.5309
9.00	13.00	30.00	-2.00	168.3282
11.00	13.00	30.00	-2.00	171.9924
1.00	14.00	30.00	-2.00	179.1783
3.00	14.00	30.00	-2.00	179.9113
5.00	14.00	30.00	-2.00	181.3733
7.00	14.00	30.00	-2.00	183.5547
9.00	14.00	30.00	-2.00	186.4385
11.00	14.00	30.00	-2.00	189.9961
1.00	15.00	30.00	-2.00	196.6975
3.00	15.00	30.00	-2.00	197.4751
5.00	15.00	30.00	-2.00	199.0252
7.00	15.00	30.00	-2.00	201.3363
9.00	15.00	30.00	-2.00	204.3873
11.00	15.00	30.00	-2.00	208.1615
13.00	15.00	30.00	-2.00	212.5529
1.00	16.00	30.00	-2.00	213.9024
3.00	16.00	30.00	-2.00	214.7468
5.00	16.00	30.00	-2.00	216.4271
7.00	16.00	30.00	-2.00	218.9244
9.00	16.00	30.00	-2.00	222.2070
11.00	16.00	30.00	-2.00	226.2264
13.00	16.00	30.00	-2.00	230.9098
1.00	17.00	30.00	-2.00	230.8515
3.00	17.00	30.00	-2.00	231.7826
5.00	17.00	30.00	-2.00	233.6296
7.00	17.00	30.00	-2.00	236.3611
9.00	17.00	30.00	-2.00	239.9286
11.00	17.00	30.00	-2.00	244.2644
13.00	17.00	30.00	-2.00	249.2774
1.00	18.00	30.00	-2.00	247.5904
3.00	18.00	30.00	-2.00	248.6267
5.00	18.00	30.00	-2.00	250.6736
7.00	18.00	30.00	-2.00	253.6814
9.00	18.00	30.00	-2.00	257.5783
11.00	18.00	30.00	-2.00	262.2724
13.00	18.00	30.00	-2.00	267.6504
1.00	19.00	30.00	-2.00	264.1551
3.00	19.00	30.00	-2.00	265.3141
5.00	19.00	30.00	-2.00	267.5920
7.00	19.00	30.00	-2.00	270.9135
9.00	19.00	30.00	-2.00	275.1773
11.00	19.00	30.00	-2.00	280.2626
13.00	19.00	30.00	-2.00	286.0323
1.00	20.00	30.00	-2.00	280.5736
3.00	20.00	30.00	-2.00	281.8728
5.00	20.00	30.00	-2.00	284.4109
7.00	20.00	30.00	-2.00	288.0798
9.00	20.00	30.00	-2.00	292.7417
11.00	20.00	30.00	-2.00	298.2440
13.00	20.00	30.00	-2.00	304.4247
1.00	6.00	35.00	-2.00	27.7191
3.00	7.00	35.00	-2.00	47.4128
1.00	8.00	35.00	-2.00	63.9213
3.00	8.00	35.00	-2.00	65.8245
5.00	8.00	35.00	-2.00	69.5124
1.00	9.00	35.00	-2.00	85.3465
3.00	9.00	35.00	-2.00	86.6398
5.00	9.00	35.00	-2.00	89.0557
1.00	10.00	35.00	-2.00	107.3813
3.00	10.00	35.00	-2.00	108.3272
5.00	10.00	35.00	-2.00	110.1480
7.00	10.00	35.00	-2.00	112.7451
1.00	11.00	35.00	-2.00	129.1064
3.00	11.00	35.00	-2.00	129.8620
5.00	11.00	35.00	-2.00	131.3422
7.00	11.00	35.00	-2.00	133.4930
9.00	11.00	35.00	-2.00	136.5272
1.00	12.00	35.00	-2.00	150.2055
3.00	12.00	35.00	-2.00	150.8622
5.00	12.00	35.00	-2.00	152.1611
7.00	12.00	35.00	-2.00	154.0762
9.00	12.00	35.00	-2.00	156.5731
1.00	13.00	35.00	-2.00	170.6657
3.00	13.00	35.00	-2.00	171.2781
5.00	13.00	35.00	-2.00	172.4961
7.00	13.00	35.00	-2.00	174.3066
9.00	13.00	35.00	-2.00	176.6911
11.00	13.00	35.00	-2.00	179.6295
1.00	14.00	35.00	-2.00	190.5678
3.00	14.00	35.00	-2.00	191.1714
5.00	14.00	35.00	-2.00	192.3751
7.00	14.00	35.00	-2.00	194.1718
9.00	14.00	35.00	-2.00	196.5503
11.00	14.00	35.00	-2.00	199.4950
13.00	14.00	35.00	-2.00	203.0117
1.00	15.00	35.00	-2.00	210.0055
3.00	15.00	35.00	-2.00	210.6255
5.00	15.00	35.00	-2.00	211.8630
7.00	15.00	35.00	-2.00	213.7127
9.00	15.00	35.00	-2.00	216.1653
11.00	15.00	35.00	-2.00	219.2056
13.00	15.00	35.00	-2.00	222.8102
1.00	16.00	35.00	-2.00	229.0618
3.00	16.00	35.00	-2.00	229.7177
5.00	16.00	35.00	-2.00	231.0267
7.00	16.00	35.00	-2.00	232.9820
9.00	16.00	35.00	-2.00	235.5718
11.00	16.00	35.00	-2.00	238.7776
13.00	16.00	35.00	-2.00	242.5729
1.00	17.00	35.00	-2.00	247.8044
3.00	17.00	35.00	-2.00	248.5129
5.00	17.00	35.00	-2.00	249.9249
7.00	17.00	35.00	-2.00	252.0294
9.00	17.00	35.00	-2.00	254.8088
11.00	17.00	35.00	-2.00	258.2365
13.00	17.00	35.00	-2.00	262.2743
1.00	18.00	35.00	-2.00	266.2878
3.00	18.00	35.00	-2.00	267.0636
5.00	18.00	35.00	-2.00	268.6064
7.00	18.00	35.00	-2.00	270.8984
9.00	18.00	35.00	-2.00	273.9117
11.00	18.00	35.00	-2.00	277.6080
13.00	18.00	35.00	-2.00	281.9365
1.00	19.00	35.00	-2.00	284.5549
3.00	19.00	35.00	-2.00	285.4119
5.00	19.00	35.00	-2.00	287.1114
7.00	19.00	35.00	-2.00	289.6249
9.00	19.00	35.00	-2.00	292.9108
11.00	19.00	35.00	-2.00	296.9149
13.00	19.00	35.00	-2.00	301.5706
1.00	20.00	35.00	-2.00	302.6402
3.00	20.00	35.00	-2.00	303.5917
5.00	20.00	35.00	-2.00	305.4721
7.00	20.00	35.00	-2.00	308.2386
9.00	20.00	35.00	-2.00	311.8309
11.00	20.00	35.00	-2.00	316.1756
13.00	20.00	35.00	-2.00	321.1879
1.00	6.00	40.00	-2.00	27.7191
3.00	7.00	40.00	-2.00	47.4224
1.00	8.00	40.00	-2.00	64.0554
3.00	8.00	40.00	-2.00	65.9726
5.00	8.00	40.00	-2.00	69.7873
1.00	9.00	40.00	-2.00	86.0939
3.00	9.00	40.00	-2.00	87.4026
5.00	9.00	40.00	-2.00	89.8378
1.00	10.00	40.00	-2.00	109.4266
3.00	10.00	40.00	-2.00	110.3716
5.00	10.00	40.00	-2.00	112.1877
7.00	10.00	40.00	-2.00	114.7528
1.00	11.00	40.00	-2.00	132.9107
3.00	11.00	40.00	-2.00	133.6436
5.00	11.00	40.00	-2.00	135.0770
7.00	11.00	40.00	-2.00	137.1537
9.00	11.00	40.00	-2.00	140.0510
1.00	12.00	40.00	-2.00	155.9437
3.00	12.00	40.00	-2.00	156.5575
5.00	12.00	40.00	-2.00	157.7698
7.00	12.00	40.00	-2.00	159.5526
9.00	12.00	40.00	-2.00	161.8813
11.00	12.00	40.00	-2.00	165.0194
1.00	13.00	40.00	-2.00	178.3544
3.00	13.00	40.00	-2.00	178.9056
5.00	13.00	40.00	-2.00	180.0004
7.00	13.00	40.00	-2.00	181.6247
9.00	13.00	40.00	-2.00	183.7594
11.00	13.00	40.00	-2.00	186.3816
1.00	14.00	40.00	-2.00	200.1616
3.00	14.00	40.00	-2.00	200.6860
5.00	14.00	40.00	-2.00	201.7311
7.00	14.00	40.00	-2.00	203.2896
9.00	14.00	40.00	-2.00	205.3509
11.00	14.00	40.00	-2.00	207.9016
13.00	14.00	40.00	-2.00	210.9244
1.00	15.00	40.00	-2.00	221.4416
3.00	15.00	40.00	-2.00	221.9639
5.00	15.00	40.00	-2.00	223.0064
7.00	15.00	40.00	-2.00	224.5650
9.00	15.00	40.00	-2.00	226.6330
11.00	15.00	40.00	-2.00	229.2012
13.00	15.00	40.00	-2.00	232.2560
1.00	16.00	40.00	-2.00	242.2774
3.00	16.00	40.00	-2.00	242.8158
5.00	16.00	40.00	-2.00	243.8910
7.00	16.00	40.00	-2.00	245.4997
9.00	16.00	40.00	-2.00	247.6361
11.00	16.00	40.00	-2.00	250.2915
13.00	16.00	40.00	-2.00	253.4523
1.00	17.00	40.00	-2.00	262.7426
3.00	17.00	40.00	-2.00	263.3118
5.00	17.00	40.00	-2.00	264.4481
7.00	17.00	40.00	-2.00	266.1472
9.00	17.00	40.00	-2.00	268.4019
11.00	17.00	40.00	-2.00	271.2009
13.00	17.00	40.00	-2.00	274.5273
1.00	18.00	40.00	-2.00	282.8987
3.00	18.00	40.00	-2.00	283.5112
5.00	18.00	40.00	-2.00	284.7329
7.00	18.00	40.00	-2.00	286.5569
9.00	18.00	40.00	-2.00	288.9718
11.00	18.00	40.00	-2.00	291.9614
13.00	18.00	40.00	-2.00	295.5027
1.00	19.00	40.00	-2.00	302.7955
3.00	19.00	40.00	-2.00	303.4628
5.00	19.00	40.00	-2.00	304.7918
7.00	19.00	40.00	-2.00	306.7710
9.00	19.00	40.00	-2.00	309.3829
11.00	19.00	40.00	-2.00	312.6032
13.00	19.00	40.00	-2.00	316.4004
1.00	20.00	40.00	-2.00	322.4736
3.00	20.00	40.00	-2.00	323.2064
5.00	20.00	40.00	-2.00	324.6629
7.00	20.00	40.00	-2.00	326.8252
9.00	20.00	40.00	-2.00	329.6667
11.00	20.00	40.00	-2.00	333.1526
13.00	20.00	40.00	-2.00	337.2402
1.00	6.00	45.00	-2.00	27.7191
3.00	7.00	45.00	-2.00	47.4249
1.00	8.00	45.00	-2.00	64.1066
3.00	8.00	45.00	-2.00	66.0309
1.00	9.00	45.00	-2.00	86.4781
3.00	9.00	45.00	-2.00	87.7994
5.00	9.00	45.00	-2.00	90.2572
1.00	10.00	45.00	-2.00	110.7140
3.00	10.00	45.00	-2.00	111.6656
5.00	10.00	45.00	-2.00	113.4924
7.00	10.00	45.00	-2.00	116.0680
1.00	11.00	45.00	-2.00	135.6371
3.00	11.00	45.00	-2.00	136.3621
5.00	11.00	45.00	-2.00	137.7785
7.00	11.00	45.00	-2.00	139.8262
9.00	11.00	45.00	-2.00	142.4316
1.00	12.00	45.00	-2.00	160.3989
3.00	12.00	45.00	-2.00	160.9895
5.00	12.00	45.00	-2.00	162.1545
7.00	12.00	45.00	-2.00	163.8645
9.00	12.00	45.00	-2.00	166.0812
11.00	12.00	45.00	-2.00	168.7959
1.00	13.00	45.00	-2.00	184.6313
3.00	13.00	45.00	-2.00	185.1451
5.00	13.00	45.00	-2.00	186.1648
7.00	13.00	45.00	-2.00	187.6751
9.00	13.00	45.00	-2.00	189.6558
11.00	13.00	45.00	-2.00	192.0829
13.00	13.00	45.00	-2.00	194.9447
1.00	14.00	45.00	-2.00	208.2544
3.00	14.00	45.00	-2.00	208.7283
5.00	14.00	45.00	-2.00	209.6720
7.00	14.00	45.00	-2.00	211.0777
9.00	14.00	45.00	-2.00	212.9342
11.00	14.00	45.00	-2.00	215.2280
13.00	14.00	45.00	-2.00	217.9436
1.00	15.00	45.00	-2.00	231.3063
3.00	15.00	45.00	-2.00	231.7649
5.00	15.00	45.00	-2.00	232.6800
7.00	15.00	45.00	-2.00	234.0474
9.00	15.00	45.00	-2.00	235.8608
11.00	15.00	45.00	-2.00	238.1121
13.00	15.00	45.00	-2.00	240.7910
1.00	16.00	45.00	-2.00	253.8593
3.00	16.00	45.00	-2.00	254.3204
5.00	16.00	45.00	-2.00	255.2411
7.00	16.00	45.00	-2.00	256.6191
9.00	16.00	45.00	-2.00	258.4502
11.00	16.00	45.00	-2.00	260.7287
13.00	16.00	45.00	-2.00	263.4463
1.00	17.00	45.00	-2.00	275.9880
3.00	17.00	45.00	-2.00	276.4650
5.00	17.00	45.00	-2.00	277.4180
7.00	17.00	45.00	-2.00	278.8448
9.00	17.00	45.00	-2.00	280.7416
11.00	17.00	45.00	-2.00	283.1026
13.00	17.00	45.00	-2.00	285.9194
1.00	18.00	45.00	-2.00	297.7583
3.00	18.00	45.00	-2.00	298.2626
5.00	18.00	45.00	-2.00	299.2699
7.00	18.00	45.00	-2.00	300.7770
9.00	18.00	45.00	-2.00	302.7790
11.00	18.00	45.00	-2.00	305.2684
13.00	18.00	45.00	-2.00	308.2343
1.00	19.00	45.00	-2.00	319.2259
3.00	19.00	45.00	-2.00	319.7674
5.00	19.00	45.00	-2.00	320.8481
7.00	19.00	45.00	-2.00	322.4630
9.00	19.00	45.00	-2.00	324.6044
11.00	19.00	45.00	-2.00	327.2611
13.00	19.00	45.00	-2.00	330.4181
1.00	20.00	45.00	-2.00	340.4370
3.00	20.00	45.00	-2.00	341.0246
5.00	20.00	45.00	-2.00	342.1961
7.00	20.00	45.00	-2.00	343.9434
9.00	20.00	45.00	-2.00	346.2544
11.00	20.00	45.00	-2.00	349.1127
13.00	20.00	45.00	-2.00	352.4968
1.00	6.00	50.00	-2.00	27.7191
3.00	7.00	50.00	-2.00	47.4256
1.00	8.00	50.00	-2.00	64.1260
3.00	8.00	50.00	-2.00	66.0536
1.00	9.00	50.00	-2.00	86.6709
3.00	9.00	50.00	-2.00	88.0011
5.00	9.00	50.00	-2.00	90.4749
1.00	10.00	50.00	-2.00	111.5037
3.00	10.00	50.00	-2.00	112.4637
5.00	10.00	50.00	-2.00	114.3054
7.00	10.00	50.00	-2.00	116.8994
1.00	11.00	50.00	-2.00	137.5545
3.00	11.00	50.00	-2.00	138.2795
5.00	11.00	50.00	-2.00	139.6944
7.00	11.00	50.00	-2.00	141.7371
9.00	11.00	50.00	-2.00	144.3310
11.00	11.00	50.00	-2.00	150.6797
1.00	12.00	50.00	-2.00	163.8209
3.00	12.00	50.00	-2.00	164.3998
5.00	12.00	50.00	-2.00	165.5410
7.00	12.00	50.00	-2.00	167.2136
9.00	12.00	50.00	-2.00	169.3773
11.00	12.00	50.00	-2.00	172.0321
1.00	13.00	50.00	-2.00	189.7308
3.00	13.00	50.00	-2.00	190.2219
5.00	13.00	50.00	-2.00	191.1956
7.00	13.00	50.00	-2.00	192.6362
9.00	13.00	50.00	-2.00	194.5219
11.00	13.00	50.00	-2.00	196.8275
13.00	13.00	50.00	-2.00	200.0973
1.00	14.00	50.00	-2.00	215.0744
3.00	14.00	50.00	-2.00	215.5153
5.00	14.00	50.00	-2.00	216.3927
7.00	14.00	50.00	-2.00	217.6981
9.00	14.00	50.00	-2.00	219.4199
11.00	14.00	50.00	-2.00	221.5436
13.00	14.00	50.00	-2.00	224.0532
1.00	15.00	50.00	-2.00	239.8282
3.00	15.00	50.00	-2.00	240.2439
5.00	15.00	50.00	-2.00	241.0730
7.00	15.00	50.00	-2.00	242.3110
9.00	15.00	50.00	-2.00	243.9513
11.00	15.00	50.00	-2.00	245.9857
13.00	15.00	50.00	-2.00	248.4044
1.00	16.00	50.00	-2.00	264.0409
3.00	16.00	50.00	-2.00	264.4490
5.00	16.00	50.00	-2.00	265.2639
7.00	16.00	50.00	-2.00	266.4832
9.00	16.00	50.00	-2.00	268.1029
11.00	16.00	50.00	-2.00	270.1181
13.00	16.00	50.00	-2.00	272.5222
1.00	17.00	50.00	-2.00	287.7810
3.00	17.00	50.00	-2.00	288.1946
5.00	17.00	50.00	-2.00	289.0210
7.00	17.00	50.00	-2.00	290.2585
9.00	17.00	50.00	-2.00	291.9045
11.00	17.00	50.00	-2.00	293.9551
13.00	17.00	50.00	-2.00	296.4051
1.00	18.00	50.00	-2.00	311.1158
3.00	18.00	50.00	-2.00	311.5454
5.00	18.00	50.00	-2.00	312.4037
7.00	18.00	50.00	-2.00	313.6892
9.00	18.00	50.00	-2.00	315.3992
11.00	18.00	50.00	-2.00	317.5298
13.00	18.00	50.00	-2.00	320.0751
1.00	19.00	50.00	-2.00	334.1051
3.00	19.00	50.00	-2.00	334.5595
5.00	19.00	50.00	-2.00	335.4671
7.00	19.00	50.00	-2.00	336.8258
9.00	19.00	50.00	-2.00	338.6317
11.00	19.00	50.00	-2.00	340.8795
13.00	19.00	50.00	-2.00	343.5616
1.00	20.00	50.00	-2.00	356.7996
3.00	20.00	50.00	-2.00	357.2867
5.00	20.00	50.00	-2.00	358.2590
7.00	20.00	50.00	-2.00	359.7130
9.00	20.00	50.00	-2.00	361.6428
11.00	20.00	50.00	-2.00	364.0404
13.00	20.00	50.00	-2.00	366.8950
1.00	5.00	5.00	-1.50	19.3540
1.00	6.00	5.00	-1.50	26.5875
1.00	7.00	5.00	-1.50	33.3304
1.00	8.00	5.00	-1.50	39.8057
1.00	9.00	5.00	-1.50	46.1349
1.00	10.00	5.00	-1.50	52.3840
3.00	10.00	5.00	-1.50	59.9962
1.00	11.00	5.00	-1.50	58.5900
3.00	11.00	5.00	-1.50	67.2493
1.00	12.00	5.00	-1.50	64.7742
3.00	12.00	5.00	-1.50	74.5071
1.00	13.00	5.00	-1.50	70.9485
3.00	13.00	5.00	-1.50	81.7667
1.00	14.00	5.00	-1.50	70.0937
3.00	15.00	5.00	-1.50	96.2862
1.00	16.00	5.00	-1.50	89.4593
3.00	16.00	5.00	-1.50	103.5452
3.00	17.00	5.00	-1.50	110.8035
1.00	18.00	5.00	-1.50	101.8025
3.00	18.00	5.00	-1.50	118.0611
1.00	19.00	5.00	-1.50	86.6279
3.00	19.00	5.00	-1.50	100.6451
1.00	20.00	5.00	-1.50	93.3626
3.00	20.00	5.00	-1.50	107.8320
1.00	5.00	10.00	-1.50	22.0146
1.00	7.00	10.00	-1.50	44.7623
3.00	7.00	10.00	-1.50	47.1416
1.00	8.00	10.00	-1.50	55.1755
3.00	8.00	10.00	-1.50	57.4467
1.00	9.00	10.00	-1.50	65.1188
3.00	9.00	10.00	-1.50	67.5498
1.00	10.00	10.00	-1.50	74.7466
3.00	10.00	10.00	-1.50	77.5092
1.00	11.00	10.00	-1.50	84.1581
3.00	11.00	10.00	-1.50	87.3794
5.00	11.00	10.00	-1.50	93.0996
1.00	12.00	10.00	-1.50	93.4175
3.00	12.00	10.00	-1.50	97.1990
5.00	12.00	10.00	-1.50	103.6095
1.00	13.00	10.00	-1.50	102.5681
3.00	13.00	10.00	-1.50	106.9926
5.00	13.00	10.00	-1.50	114.1369
1.00	14.00	10.00	-1.50	111.6395
3.00	14.00	10.00	-1.50	116.7744
5.00	14.00	10.00	-1.50	124.6762
1.00	15.00	10.00	-1.50	120.6530
3.00	15.00	10.00	-1.50	126.5524
5.00	15.00	10.00	-1.50	135.2231
1.00	16.00	10.00	-1.50	129.6243
3.00	16.00	10.00	-1.50	136.3304
5.00	16.00	10.00	-1.50	145.7747
1.00	17.00	10.00	-1.50	138.5648
3.00	17.00	10.00	-1.50	146.1098
5.00	17.00	10.00	-1.50	156.3285
1.00	18.00	10.00	-1.50	147.4831
3.00	18.00	10.00	-1.50	155.8910
5.00	18.00	10.00	-1.50	166.8833
1.00	19.00	10.00	-1.50	156.3858
3.00	19.00	10.00	-1.50	165.6736
5.00	19.00	10.00	-1.50	177.4381
1.00	20.00	10.00	-1.50	165.2776
3.00	20.00	10.00	-1.50	175.4572
5.00	20.00	10.00	-1.50	187.9924
1.00	5.00	15.00	-1.50	22.2613
1.00	7.00	15.00	-1.50	50.1194
3.00	7.00	15.00	-1.50	52.0988
1.00	8.00	15.00	-1.50	63.9568
3.00	8.00	15.00	-1.50	65.5264
1.00	9.00	15.00	-1.50	77.1393
3.00	9.00	15.00	-1.50	78.5858
5.00	9.00	15.00	-1.50	81.4107
1.00	10.00	15.00	-1.50	89.8003
3.00	10.00	15.00	-1.50	91.2808
5.00	10.00	15.00	-1.50	94.1990
1.00	11.00	15.00	-1.50	102.0768
3.00	11.00	15.00	-1.50	103.6936
5.00	11.00	15.00	-1.50	106.8659
1.00	12.00	15.00	-1.50	114.0700
3.00	12.00	15.00	-1.50	115.9012
5.00	12.00	15.00	-1.50	119.4455
7.00	12.00	15.00	-1.50	124.4352
1.00	13.00	15.00	-1.50	125.8513
3.00	13.00	15.00	-1.50	127.9629
5.00	13.00	15.00	-1.50	131.9699
7.00	13.00	15.00	-1.50	137.4745
1.00	14.00	15.00	-1.50	137.4712
3.00	14.00	15.00	-1.50	139.9223
5.00	14.00	15.00	-1.50	144.4629
7.00	14.00	15.00	-1.50	150.5313
1.00	15.00	15.00	-1.50	148.9662
3.00	15.00	15.00	-1.50	151.8113
5.00	15.00	15.00	-1.50	156.9404
7.00	15.00	15.00	-1.50	163.6041
9.00	15.00	15.00	-1.50	170.9270
1.00	16.00	15.00	-1.50	160.3633
3.00	16.00	15.00	-1.50	163.6527
5.00	16.00	15.00	-1.50	169.4120
7.00	16.00	15.00	-1.50	176.6903
9.00	16.00	15.00	-1.50	184.5479
1.00	17.00	15.00	-1.50	171.6826
3.00	17.00	15.00	-1.50	175.4629
5.00	17.00	15.00	-1.50	181.8833
7.00	17.00	15.00	-1.50	189.7866
9.00	17.00	15.00	-1.50	198.1704
1.00	18.00	15.00	-1.50	182.9398
3.00	18.00	15.00	-1.50	187.2536
5.00	18.00	15.00	-1.50	194.3567
7.00	18.00	15.00	-1.50	202.8903
9.00	18.00	15.00	-1.50	211.8043
1.00	19.00	15.00	-1.50	194.1471
3.00	19.00	15.00	-1.50	199.0328
5.00	19.00	15.00	-1.50	206.8332
7.00	19.00	15.00	-1.50	215.9990
9.00	19.00	15.00	-1.50	225.4453
1.00	20.00	15.00	-1.50	205.3141
3.00	20.00	15.00	-1.50	210.8060
5.00	20.00	15.00	-1.50	219.3128
7.00	20.00	15.00	-1.50	229.1110
9.00	20.00	15.00	-1.50	239.0913
1.00	5.00	20.00	-1.50	22.2770
1.00	7.00	20.00	-1.50	52.4009
3.00	7.00	20.00	-1.50	54.3524
1.00	8.00	20.00	-1.50	68.9394
3.00	8.00	20.00	-1.50	70.3359
5.00	8.00	20.00	-1.50	73.0902
1.00	9.00	20.00	-1.50	84.9890
3.00	9.00	20.00	-1.50	86.1340
5.00	9.00	20.00	-1.50	88.3511
1.00	10.00	20.00	-1.50	100.4196
3.00	10.00	20.00	-1.50	101.4766
5.00	10.00	20.00	-1.50	103.5609
7.00	10.00	20.00	-1.50	106.6192
1.00	11.00	20.00	-1.50	115.3253
3.00	11.00	20.00	-1.50	116.3896
5.00	11.00	20.00	-1.50	118.5026
7.00	11.00	20.00	-1.50	121.6261
1.00	12.00	20.00	-1.50	129.8208
3.00	12.00	20.00	-1.50	130.9567
5.00	12.00	20.00	-1.50	133.2110
7.00	12.00	20.00	-1.50	136.5378
1.00	13.00	20.00	-1.50	144.0000
3.00	13.00	20.00	-1.50	145.2571
5.00	13.00	20.00	-1.50	147.7388
7.00	13.00	20.00	-1.50	151.3702
9.00	13.00	20.00	-1.50	156.0127
1.00	14.00	20.00	-1.50	157.9332
3.00	14.00	20.00	-1.50	159.3541
5.00	14.00	20.00	-1.50	162.1338
7.00	14.00	20.00	-1.50	166.1479
9.00	14.00	20.00	-1.50	171.2036
1.00	15.00	20.00	-1.50	171.6729
3.00	15.00	20.00	-1.50	173.2961
5.00	15.00	20.00	-1.50	176.4341
7.00	15.00	20.00	-1.50	180.8922
9.00	15.00	20.00	-1.50	186.4096
1.00	16.00	20.00	-1.50	185.2583
3.00	16.00	20.00	-1.50	187.1203
5.00	16.00	20.00	-1.50	190.6692
7.00	16.00	20.00	-1.50	195.6186
9.00	16.00	20.00	-1.50	201.6314
11.00	16.00	20.00	-1.50	208.3045
1.00	17.00	20.00	-1.50	198.7190
3.00	17.00	20.00	-1.50	200.8551
5.00	17.00	20.00	-1.50	204.8607
7.00	17.00	20.00	-1.50	210.3374
9.00	17.00	20.00	-1.50	216.8681
11.00	17.00	20.00	-1.50	224.0143
1.00	18.00	20.00	-1.50	212.0781
3.00	18.00	20.00	-1.50	214.5224
5.00	18.00	20.00	-1.50	219.0243
7.00	18.00	20.00	-1.50	225.0551
9.00	18.00	20.00	-1.50	232.1178
11.00	18.00	20.00	-1.50	239.7294
1.00	19.00	20.00	-1.50	225.3534
3.00	19.00	20.00	-1.50	228.1389
5.00	19.00	20.00	-1.50	233.1712
7.00	19.00	20.00	-1.50	239.7751
9.00	19.00	20.00	-1.50	247.3782
11.00	19.00	20.00	-1.50	255.4686
1.00	20.00	20.00	-1.50	238.5591
3.00	20.00	20.00	-1.50	241.7180
5.00	20.00	20.00	-1.50	247.3089
7.00	20.00	20.00	-1.50	254.4991
9.00	20.00	20.00	-1.50	262.6472
11.00	20.00	20.00	-1.50	271.2191
1.00	5.00	25.00	-1.50	22.2780
1.00	7.00	25.00	-1.50	53.2573
3.00	7.00	25.00	-1.50	55.2414
1.00	8.00	25.00	-1.50	71.6207
3.00	8.00	25.00	-1.50	72.9870
5.00	8.00	25.00	-1.50	75.5383
1.00	9.00	25.00	-1.50	90.0673
3.00	9.00	25.00	-1.50	91.1078
5.00	9.00	25.00	-1.50	93.1079
1.00	10.00	25.00	-1.50	108.0039
3.00	10.00	25.00	-1.50	108.8894
5.00	10.00	25.00	-1.50	110.6269
7.00	10.00	25.00	-1.50	113.1611
1.00	11.00	25.00	-1.50	125.3506
3.00	11.00	25.00	-1.50	126.1787
5.00	11.00	25.00	-1.50	127.8203
7.00	11.00	25.00	-1.50	130.2485
1.00	12.00	25.00	-1.50	142.1842
3.00	12.00	25.00	-1.50	143.0155
5.00	12.00	25.00	-1.50	144.6708
7.00	12.00	25.00	-1.50	147.1334
9.00	12.00	25.00	-1.50	150.3742
1.00	13.00	25.00	-1.50	158.6022
3.00	13.00	25.00	-1.50	159.4795
5.00	13.00	25.00	-1.50	161.2268
7.00	13.00	25.00	-1.50	163.8262
9.00	13.00	25.00	-1.50	167.2420
1.00	14.00	25.00	-1.50	174.6890
3.00	14.00	25.00	-1.50	175.6460
5.00	14.00	25.00	-1.50	177.5469
7.00	14.00	25.00	-1.50	180.3628
9.00	14.00	25.00	-1.50	184.0415
11.00	14.00	25.00	-1.50	188.4957
1.00	15.00	25.00	-1.50	190.5114
3.00	15.00	25.00	-1.50	191.5768
5.00	15.00	25.00	-1.50	193.6832
7.00	15.00	25.00	-1.50	196.7805
9.00	15.00	25.00	-1.50	200.7896
11.00	15.00	25.00	-1.50	205.5953
1.00	16.00	25.00	-1.50	206.1205
3.00	16.00	25.00	-1.50	207.3209
5.00	16.00	25.00	-1.50	209.6787
7.00	16.00	25.00	-1.50	213.1120
9.00	16.00	25.00	-1.50	217.5045
11.00	16.00	25.00	-1.50	222.7059
1.00	17.00	25.00	-1.50	221.5560
3.00	17.00	25.00	-1.50	222.9165
5.00	17.00	25.00	-1.50	225.5675
7.00	17.00	25.00	-1.50	229.3831
9.00	17.00	25.00	-1.50	234.2006
11.00	17.00	25.00	-1.50	239.8306
13.00	17.00	25.00	-1.50	246.0387
1.00	18.00	25.00	-1.50	236.8487
3.00	18.00	25.00	-1.50	238.3939
5.00	18.00	25.00	-1.50	241.3764
7.00	18.00	25.00	-1.50	245.6136
9.00	18.00	25.00	-1.50	250.8881
11.00	18.00	25.00	-1.50	256.9697
13.00	18.00	25.00	-1.50	263.5963
1.00	19.00	25.00	-1.50	252.0227
3.00	19.00	25.00	-1.50	253.7768
5.00	19.00	25.00	-1.50	257.1264
7.00	19.00	25.00	-1.50	261.8182
9.00	19.00	25.00	-1.50	267.5740
11.00	19.00	25.00	-1.50	274.1228
13.00	19.00	25.00	-1.50	281.1850
1.00	20.00	25.00	-1.50	267.0972
3.00	20.00	25.00	-1.50	269.0841
5.00	20.00	25.00	-1.50	272.8335
7.00	20.00	25.00	-1.50	278.0074
9.00	20.00	25.00	-1.50	284.2621
11.00	20.00	25.00	-1.50	291.2884
13.00	20.00	25.00	-1.50	298.7874
1.00	5.00	30.00	-1.50	22.2780
1.00	7.00	30.00	-1.50	53.5491
3.00	7.00	30.00	-1.50	55.5590
1.00	8.00	30.00	-1.50	72.9701
3.00	8.00	30.00	-1.50	74.3469
5.00	8.00	30.00	-1.50	76.8801
1.00	9.00	30.00	-1.50	93.2559
3.00	9.00	30.00	-1.50	94.2650
5.00	9.00	30.00	-1.50	96.1960
7.00	9.00	30.00	-1.50	99.0628
1.00	10.00	30.00	-1.50	113.3842
3.00	10.00	30.00	-1.50	114.1950
5.00	10.00	30.00	-1.50	115.7798
7.00	10.00	30.00	-1.50	118.1361
1.00	11.00	30.00	-1.50	132.9817
3.00	11.00	30.00	-1.50	133.6954
5.00	11.00	30.00	-1.50	135.1064
7.00	11.00	30.00	-1.50	137.1854
9.00	11.00	30.00	-1.50	140.1756
1.00	12.00	30.00	-1.50	152.0132
3.00	12.00	30.00	-1.50	152.6910
5.00	12.00	30.00	-1.50	154.0394
7.00	12.00	30.00	-1.50	156.0440
9.00	12.00	30.00	-1.50	158.6836
11.00	12.00	30.00	-1.50	162.2155
1.00	13.00	30.00	-1.50	170.5481
3.00	13.00	30.00	-1.50	171.2307
5.00	13.00	30.00	-1.50	172.5919
7.00	13.00	30.00	-1.50	174.6232
9.00	13.00	30.00	-1.50	177.3095
11.00	13.00	30.00	-1.50	180.6253
1.00	14.00	30.00	-1.50	188.6719
3.00	14.00	30.00	-1.50	189.3888
5.00	14.00	30.00	-1.50	190.8188
7.00	14.00	30.00	-1.50	192.9529
9.00	14.00	30.00	-1.50	195.7746
11.00	14.00	30.00	-1.50	199.2729
13.00	14.00	30.00	-1.50	203.3463
1.00	15.00	30.00	-1.50	206.4603
3.00	15.00	30.00	-1.50	207.2354
5.00	15.00	30.00	-1.50	208.7789
7.00	15.00	30.00	-1.50	211.0768
9.00	15.00	30.00	-1.50	214.1044
11.00	15.00	30.00	-1.50	217.8222
13.00	15.00	30.00	-1.50	222.1690
1.00	16.00	30.00	-1.50	223.9751
3.00	16.00	30.00	-1.50	224.8290
5.00	16.00	30.00	-1.50	226.5248
7.00	16.00	30.00	-1.50	229.0378
9.00	16.00	30.00	-1.50	232.3290
11.00	16.00	30.00	-1.50	236.3424
13.00	16.00	30.00	-1.50	240.9997
1.00	17.00	30.00	-1.50	241.2652
3.00	17.00	30.00	-1.50	242.2170
5.00	17.00	30.00	-1.50	244.0997
7.00	17.00	30.00	-1.50	246.8725
9.00	17.00	30.00	-1.50	250.4756
11.00	17.00	30.00	-1.50	254.8309
13.00	17.00	30.00	-1.50	259.8395
1.00	18.00	30.00	-1.50	258.3694
3.00	18.00	30.00	-1.50	259.4373
5.00	18.00	30.00	-1.50	261.5392
7.00	18.00	30.00	-1.50	264.6114
9.00	18.00	30.00	-1.50	268.5669
11.00	18.00	30.00	-1.50	273.3008
13.00	18.00	30.00	-1.50	278.6910
1.00	19.00	30.00	-1.50	275.3183
3.00	19.00	30.00	-1.50	276.5201
5.00	19.00	30.00	-1.50	278.8715
7.00	19.00	30.00	-1.50	282.2788
9.00	19.00	30.00	-1.50	286.6208
11.00	19.00	30.00	-1.50	291.7619
13.00	19.00	30.00	-1.50	297.5560
1.00	20.00	30.00	-1.50	292.1364
3.00	20.00	30.00	-1.50	293.4897
5.00	20.00	30.00	-1.50	296.1198
7.00	20.00	30.00	-1.50	299.8938
9.00	20.00	30.00	-1.50	304.6506
11.00	20.00	30.00	-1.50	310.2210
13.00	20.00	30.00	-1.50	316.4348
1.00	5.00	35.00	-1.50	22.2780
1.00	7.00	35.00	-1.50	53.6433
3.00	7.00	35.00	-1.50	55.6664
1.00	8.00	35.00	-1.50	73.6096
3.00	8.00	35.00	-1.50	75.0031
5.00	8.00	35.00	-1.50	77.5627
1.00	9.00	35.00	-1.50	95.1834
3.00	9.00	35.00	-1.50	96.1899
5.00	9.00	35.00	-1.50	98.1111
7.00	9.00	35.00	-1.50	100.8001
1.00	10.00	35.00	-1.50	117.1360
3.00	10.00	35.00	-1.50	117.9160
5.00	10.00	35.00	-1.50	119.4364
7.00	10.00	35.00	-1.50	121.6992
1.00	11.00	35.00	-1.50	138.7671
3.00	11.00	35.00	-1.50	139.4225
5.00	11.00	35.00	-1.50	140.7153
7.00	11.00	35.00	-1.50	142.6133
9.00	11.00	35.00	-1.50	145.0750
1.00	12.00	35.00	-1.50	159.8557
3.00	12.00	35.00	-1.50	160.4496
5.00	12.00	35.00	-1.50	161.6289
7.00	12.00	35.00	-1.50	163.3781
9.00	12.00	35.00	-1.50	165.6757
1.00	13.00	35.00	-1.50	180.4001
3.00	13.00	35.00	-1.50	180.9729
5.00	13.00	35.00	-1.50	182.1145
7.00	13.00	35.00	-1.50	183.8169
9.00	13.00	35.00	-1.50	186.0685
11.00	13.00	35.00	-1.50	188.8530
1.00	14.00	35.00	-1.50	200.4664
3.00	14.00	35.00	-1.50	201.0462
5.00	14.00	35.00	-1.50	202.2034
7.00	14.00	35.00	-1.50	203.9333
9.00	14.00	35.00	-1.50	206.2274
11.00	14.00	35.00	-1.50	209.0727
13.00	14.00	35.00	-1.50	212.4481
1.00	15.00	35.00	-1.50	220.1308
3.00	15.00	35.00	-1.50	220.7388
5.00	15.00	35.00	-1.50	221.9526
7.00	15.00	35.00	-1.50	223.7670
9.00	15.00	35.00	-1.50	226.1729
11.00	15.00	35.00	-1.50	229.1551
13.00	15.00	35.00	-1.50	232.6955
1.00	16.00	35.00	-1.50	239.4616
3.00	16.00	35.00	-1.50	240.1155
5.00	16.00	35.00	-1.50	241.4194
7.00	16.00	35.00	-1.50	243.3652
9.00	16.00	35.00	-1.50	245.9391
11.00	16.00	35.00	-1.50	249.1198
13.00	16.00	35.00	-1.50	252.8760
1.00	17.00	35.00	-1.50	258.5158
3.00	17.00	35.00	-1.50	259.2309
5.00	17.00	35.00	-1.50	260.6543
7.00	17.00	35.00	-1.50	262.7719
9.00	17.00	35.00	-1.50	265.5614
11.00	17.00	35.00	-1.50	268.9915
13.00	17.00	35.00	-1.50	273.0195
1.00	18.00	35.00	-1.50	277.3393
3.00	18.00	35.00	-1.50	278.1300
5.00	18.00	35.00	-1.50	279.6997
7.00	18.00	35.00	-1.50	282.0250
9.00	18.00	35.00	-1.50	285.0713
11.00	18.00	35.00	-1.50	288.7933
13.00	18.00	35.00	-1.50	293.1336
1.00	19.00	35.00	-1.50	295.9695
3.00	19.00	35.00	-1.50	296.8494
5.00	19.00	35.00	-1.50	298.5904
7.00	19.00	35.00	-1.50	301.1562
9.00	19.00	35.00	-1.50	304.4955
11.00	19.00	35.00	-1.50	308.5449
13.00	19.00	35.00	-1.50	313.2302
1.00	20.00	35.00	-1.50	314.4361
3.00	20.00	35.00	-1.50	315.4187
5.00	20.00	35.00	-1.50	317.3551
7.00	20.00	35.00	-1.50	320.1916
9.00	20.00	35.00	-1.50	323.8557
11.00	20.00	35.00	-1.50	328.2624
13.00	20.00	35.00	-1.50	333.3182
1.00	5.00	40.00	-1.50	22.2780
1.00	7.00	40.00	-1.50	53.6730
3.00	7.00	40.00	-1.50	55.7018
1.00	8.00	40.00	-1.50	73.8999
3.00	8.00	40.00	-1.50	75.3063
5.00	8.00	40.00	-1.50	77.8887
1.00	9.00	40.00	-1.50	96.3053
3.00	9.00	40.00	-1.50	97.3194
5.00	9.00	40.00	-1.50	99.2519
7.00	9.00	40.00	-1.50	101.9500
1.00	10.00	40.00	-1.50	119.6943
3.00	10.00	40.00	-1.50	120.4645
5.00	10.00	40.00	-1.50	121.9632
7.00	10.00	40.00	-1.50	124.1293
9.00	10.00	40.00	-1.50	126.8653
1.00	11.00	40.00	-1.50	143.1097
3.00	11.00	40.00	-1.50	143.7356
5.00	11.00	40.00	-1.50	144.9684
7.00	11.00	40.00	-1.50	146.7732
9.00	11.00	40.00	-1.50	149.1053
1.00	12.00	40.00	-1.50	166.1005
3.00	12.00	40.00	-1.50	166.6464
5.00	12.00	40.00	-1.50	167.7290
7.00	12.00	40.00	-1.50	169.3310
9.00	12.00	40.00	-1.50	171.4293
1.00	13.00	40.00	-1.50	188.5474
3.00	13.00	40.00	-1.50	189.0545
5.00	13.00	40.00	-1.50	190.0640
7.00	13.00	40.00	-1.50	191.5674
9.00	13.00	40.00	-1.50	193.5524
11.00	13.00	40.00	-1.50	196.0038
1.00	14.00	40.00	-1.50	210.4715
3.00	14.00	40.00	-1.50	210.9673
5.00	14.00	40.00	-1.50	211.9568
7.00	14.00	40.00	-1.50	213.4354
9.00	14.00	40.00	-1.50	215.3962
11.00	14.00	40.00	-1.50	217.8297
13.00	14.00	40.00	-1.50	220.7228
1.00	15.00	40.00	-1.50	231.9363
3.00	15.00	40.00	-1.50	232.4412
5.00	15.00	40.00	-1.50	233.4496
7.00	15.00	40.00	-1.50	234.9584
9.00	15.00	40.00	-1.50	236.9627
11.00	15.00	40.00	-1.50	239.4548
13.00	15.00	40.00	-1.50	242.4229
1.00	16.00	40.00	-1.50	253.0110
3.00	16.00	40.00	-1.50	253.5407
5.00	16.00	40.00	-1.50	254.5986
7.00	16.00	40.00	-1.50	256.1813
9.00	16.00	40.00	-1.50	258.2831
11.00	16.00	40.00	-1.50	260.8951
13.00	16.00	40.00	-1.50	264.0035
1.00	17.00	40.00	-1.50	273.7576
3.00	17.00	40.00	-1.50	274.3254
5.00	17.00	40.00	-1.50	275.4586
7.00	17.00	40.00	-1.50	277.1517
9.00	17.00	40.00	-1.50	279.3961
11.00	17.00	40.00	-1.50	282.1788
13.00	17.00	40.00	-1.50	285.4810
1.00	18.00	40.00	-1.50	294.2284
3.00	18.00	40.00	-1.50	294.8462
5.00	18.00	40.00	-1.50	296.0775
7.00	18.00	40.00	-1.50	297.9130
9.00	18.00	40.00	-1.50	300.3389
11.00	18.00	40.00	-1.50	303.3354
13.00	18.00	40.00	-1.50	306.8762
1.00	19.00	40.00	-1.50	314.4665
3.00	19.00	40.00	-1.50	315.1454
5.00	19.00	40.00	-1.50	316.4957
7.00	19.00	40.00	-1.50	318.5028
9.00	19.00	40.00	-1.50	321.1447
11.00	19.00	40.00	-1.50	324.3922
13.00	19.00	40.00	-1.50	328.2090
1.00	20.00	40.00	-1.50	334.5071
3.00	20.00	40.00	-1.50	335.2577
5.00	20.00	40.00	-1.50	336.7471
7.00	20.00	40.00	-1.50	338.9526
9.00	20.00	40.00	-1.50	341.8416
11.00	20.00	40.00	-1.50	345.3725
13.00	20.00	40.00	-1.50	349.4968
1.00	5.00	45.00	-1.50	22.2780
1.00	7.00	45.00	-1.50	53.6822
3.00	7.00	45.00	-1.50	55.7133
1.00	8.00	45.00	-1.50	74.0281
3.00	8.00	45.00	-1.50	75.4426
5.00	8.00	45.00	-1.50	78.0388
1.00	9.00	45.00	-1.50	96.9377
3.00	9.00	45.00	-1.50	97.9609
5.00	9.00	45.00	-1.50	99.9093
7.00	9.00	45.00	-1.50	102.6269
1.00	10.00	45.00	-1.50	121.3975
3.00	10.00	45.00	-1.50	122.1679
5.00	10.00	45.00	-1.50	123.6653
7.00	10.00	45.00	-1.50	125.8177
9.00	10.00	45.00	-1.50	128.5276
1.00	11.00	45.00	-1.50	146.3255
3.00	11.00	45.00	-1.50	146.9380
5.00	11.00	45.00	-1.50	148.1426
7.00	11.00	45.00	-1.50	149.9026
9.00	11.00	45.00	-1.50	152.1706
11.00	11.00	45.00	-1.50	155.2269
1.00	12.00	45.00	-1.50	171.0443
3.00	12.00	45.00	-1.50	171.5627
5.00	12.00	45.00	-1.50	172.5895
7.00	12.00	45.00	-1.50	174.1062
9.00	12.00	45.00	-1.50	176.0879
11.00	12.00	45.00	-1.50	178.5057
1.00	13.00	45.00	-1.50	195.2798
3.00	13.00	45.00	-1.50	195.7460
5.00	13.00	45.00	-1.50	196.6735
7.00	13.00	45.00	-1.50	198.0527
9.00	13.00	45.00	-1.50	199.8703
11.00	13.00	45.00	-1.50	202.1104
1.00	14.00	45.00	-1.50	218.9784
3.00	14.00	45.00	-1.50	219.4206
5.00	14.00	45.00	-1.50	220.3022
7.00	14.00	45.00	-1.50	221.6185
9.00	14.00	45.00	-1.50	223.3623
11.00	14.00	45.00	-1.50	225.5245
13.00	14.00	45.00	-1.50	228.0938
1.00	15.00	45.00	-1.50	242.1754
3.00	15.00	45.00	-1.50	242.6132
5.00	15.00	45.00	-1.50	243.4873
7.00	15.00	45.00	-1.50	244.7951
9.00	15.00	45.00	-1.50	246.5324
11.00	15.00	45.00	-1.50	248.6934
13.00	15.00	45.00	-1.50	251.2702
1.00	16.00	45.00	-1.50	264.9322
3.00	16.00	45.00	-1.50	265.3805
5.00	16.00	45.00	-1.50	266.2761
7.00	16.00	45.00	-1.50	267.6170
9.00	16.00	45.00	-1.50	269.4002
11.00	16.00	45.00	-1.50	271.6205
13.00	16.00	45.00	-1.50	274.2709
1.00	17.00	45.00	-1.50	287.3118
3.00	17.00	45.00	-1.50	287.7827
5.00	17.00	45.00	-1.50	288.7233
7.00	17.00	45.00	-1.50	290.1314
9.00	17.00	45.00	-1.50	292.0030
11.00	17.00	45.00	-1.50	294.3321
13.00	17.00	45.00	-1.50	297.1100
1.00	18.00	45.00	-1.50	309.3709
3.00	18.00	45.00	-1.50	309.8747
5.00	18.00	45.00	-1.50	310.8806
7.00	18.00	45.00	-1.50	312.3847
9.00	18.00	45.00	-1.50	314.3810
11.00	18.00	45.00	-1.50	316.8607
13.00	18.00	45.00	-1.50	319.8115
1.00	19.00	45.00	-1.50	331.1576
3.00	19.00	45.00	-1.50	331.7038
5.00	19.00	45.00	-1.50	332.7929
7.00	19.00	45.00	-1.50	334.4189
9.00	19.00	45.00	-1.50	336.5718
11.00	19.00	45.00	-1.50	339.2384
13.00	19.00	45.00	-1.50	342.4007
1.00	20.00	45.00	-1.50	352.7120
3.00	20.00	45.00	-1.50	353.3093
5.00	20.00	45.00	-1.50	354.4987
7.00	20.00	45.00	-1.50	356.2702
9.00	20.00	45.00	-1.50	358.6087
11.00	20.00	45.00	-1.50	361.4940
13.00	20.00	45.00	-1.50	364.9014
1.00	5.00	50.00	-1.50	22.2780
1.00	7.00	50.00	-1.50	53.6851
3.00	7.00	50.00	-1.50	55.7170
1.00	8.00	50.00	-1.50	74.0839
3.00	8.00	50.00	-1.50	75.5029
5.00	8.00	50.00	-1.50	78.1081
1.00	9.00	50.00	-1.50	97.2856
3.00	9.00	50.00	-1.50	98.3165
5.00	9.00	50.00	-1.50	100.2789
7.00	9.00	50.00	-1.50	103.0321
1.00	10.00	50.00	-1.50	122.5061
3.00	10.00	50.00	-1.50	123.2808
5.00	10.00	50.00	-1.50	124.7855
7.00	10.00	50.00	-1.50	126.9423
9.00	10.00	50.00	-1.50	129.6572
1.00	11.00	50.00	-1.50	148.6711
3.00	11.00	50.00	-1.50	149.2789
5.00	11.00	50.00	-1.50	150.4731
7.00	11.00	50.00	-1.50	152.2154
9.00	11.00	50.00	-1.50	154.4558
11.00	11.00	50.00	-1.50	157.2019
1.00	12.00	50.00	-1.50	174.9262
3.00	12.00	50.00	-1.50	175.4293
5.00	12.00	50.00	-1.50	176.4248
7.00	12.00	50.00	-1.50	177.8933
9.00	12.00	50.00	-1.50	179.8081
11.00	12.00	50.00	-1.50	182.1394
13.00	12.00	50.00	-1.50	185.2439
1.00	13.00	50.00	-1.50	200.8248
3.00	13.00	50.00	-1.50	201.2654
5.00	13.00	50.00	-1.50	202.1412
7.00	13.00	50.00	-1.50	203.4419
9.00	13.00	50.00	-1.50	205.1533
11.00	13.00	50.00	-1.50	207.2581
13.00	13.00	50.00	-1.50	209.7373
1.00	14.00	50.00	-1.50	226.2116
3.00	14.00	50.00	-1.50	226.6182
5.00	14.00	50.00	-1.50	227.4286
7.00	14.00	50.00	-1.50	228.6373
9.00	14.00	50.00	-1.50	230.2366
11.00	14.00	50.00	-1.50	232.2168
13.00	14.00	50.00	-1.50	234.5667
1.00	15.00	50.00	-1.50	251.0745
3.00	15.00	50.00	-1.50	251.4669
5.00	15.00	50.00	-1.50	252.2501
7.00	15.00	50.00	-1.50	253.4213
9.00	15.00	50.00	-1.50	254.9762
11.00	15.00	50.00	-1.50	256.9092
13.00	15.00	50.00	-1.50	259.2133
1.00	16.00	50.00	-1.50	275.4571
3.00	16.00	50.00	-1.50	275.8498
5.00	16.00	50.00	-1.50	276.6342
7.00	16.00	50.00	-1.50	277.8087
9.00	16.00	50.00	-1.50	279.3707
11.00	16.00	50.00	-1.50	281.3165
13.00	16.00	50.00	-1.50	283.6409
1.00	17.00	50.00	-1.50	299.4182
3.00	17.00	50.00	-1.50	299.8224
5.00	17.00	50.00	-1.50	300.6302
7.00	17.00	50.00	-1.50	301.8403
9.00	17.00	50.00	-1.50	303.4504
11.00	17.00	50.00	-1.50	305.4570
13.00	17.00	50.00	-1.50	307.8555
1.00	18.00	50.00	-1.50	323.0157
3.00	18.00	50.00	-1.50	323.4410
5.00	18.00	50.00	-1.50	324.2907
7.00	18.00	50.00	-1.50	325.5630
9.00	18.00	50.00	-1.50	327.2552
11.00	18.00	50.00	-1.50	329.3630
13.00	18.00	50.00	-1.50	331.8801
1.00	19.00	50.00	-1.50	346.3014
3.00	19.00	50.00	-1.50	346.7560
5.00	19.00	50.00	-1.50	347.6637
7.00	19.00	50.00	-1.50	349.0218
9.00	19.00	50.00	-1.50	350.8256
11.00	19.00	50.00	-1.50	353.0689
13.00	19.00	50.00	-1.50	355.7428
1.00	20.00	50.00	-1.50	369.3198
3.00	20.00	50.00	-1.50	369.8112
5.00	20.00	50.00	-1.50	370.7916
7.00	20.00	50.00	-1.50	372.2564
9.00	20.00	50.00	-1.50	374.1984
11.00	20.00	50.00	-1.50	376.6078
13.00	20.00	50.00	-1.50	379.4717
1.00	4.00	5.00	-1.00	16.0315
1.00	6.00	5.00	-1.00	30.9669
1.00	7.00	5.00	-1.00	37.9539
1.00	8.00	5.00	-1.00	44.7806
1.00	9.00	5.00	-1.00	51.5206
3.00	9.00	5.00	-1.00	58.2132
1.00	10.00	5.00	-1.00	58.2157
3.00	10.00	5.00	-1.00	65.9461
1.00	11.00	5.00	-1.00	64.8897
3.00	11.00	5.00	-1.00	73.6886
1.00	12.00	5.00	-1.00	65.8966
3.00	13.00	5.00	-1.00	89.1859
1.00	14.00	5.00	-1.00	84.8827
3.00	14.00	5.00	-1.00	96.9370
1.00	16.00	5.00	-1.00	98.2154
3.00	16.00	5.00	-1.00	112.4407
1.00	18.00	5.00	-1.00	111.5529
3.00	18.00	5.00	-1.00	127.9449
1.00	20.00	5.00	-1.00	124.8922
3.00	20.00	5.00	-1.00	120.7902
1.00	4.00	10.00	-1.00	16.8770
1.00	6.00	10.00	-1.00	39.2726
1.00	7.00	10.00	-1.00	50.2860
3.00	7.00	10.00	-1.00	52.3413
1.00	8.00	10.00	-1.00	60.8216
3.00	8.00	10.00	-1.00	62.9524
1.00	9.00	10.00	-1.00	71.0116
3.00	9.00	10.00	-1.00	73.4162
1.00	10.00	10.00	-1.00	80.9613
3.00	10.00	10.00	-1.00	83.7811
5.00	10.00	10.00	-1.00	88.8610
1.00	11.00	10.00	-1.00	90.7427
3.00	11.00	10.00	-1.00	94.0893
5.00	11.00	10.00	-1.00	99.8374
1.00	12.00	10.00	-1.00	100.4045
3.00	12.00	10.00	-1.00	104.3689
5.00	12.00	10.00	-1.00	110.8380
1.00	13.00	10.00	-1.00	109.9804
3.00	13.00	10.00	-1.00	114.6368
5.00	13.00	10.00	-1.00	121.8562
1.00	14.00	10.00	-1.00	119.4943
3.00	14.00	10.00	-1.00	124.9019
5.00	14.00	10.00	-1.00	132.8863
1.00	15.00	10.00	-1.00	128.9635
3.00	15.00	10.00	-1.00	135.1686
5.00	15.00	10.00	-1.00	143.9241
1.00	16.00	10.00	-1.00	138.4005
3.00	16.00	10.00	-1.00	145.4382
5.00	16.00	10.00	-1.00	154.9665
1.00	17.00	10.00	-1.00	147.8147
3.00	17.00	10.00	-1.00	155.7109
5.00	17.00	10.00	-1.00	166.0114
1.00	18.00	10.00	-1.00	157.2133
3.00	18.00	10.00	-1.00	165.9861
5.00	18.00	10.00	-1.00	177.0577
1.00	19.00	10.00	-1.00	166.6012
3.00	19.00	10.00	-1.00	176.2631
5.00	19.00	10.00	-1.00	188.1044
3.00	20.00	10.00	-1.00	177.1947
5.00	20.00	10.00	-1.00	166.6477
1.00	4.00	15.00	-1.00	16.9030
1.00	6.00	15.00	-1.00	42.3587
3.00	6.00	15.00	-1.00	44.4913
1.00	7.00	15.00	-1.00	56.5903
3.00	7.00	15.00	-1.00	58.1538
1.00	8.00	15.00	-1.00	70.3860
3.00	8.00	15.00	-1.00	71.7447
5.00	8.00	15.00	-1.00	74.4610
1.00	9.00	15.00	-1.00	83.6717
3.00	9.00	15.00	-1.00	85.0124
5.00	9.00	15.00	-1.00	87.6560
1.00	10.00	15.00	-1.00	96.5458
3.00	10.00	15.00	-1.00	97.9852
5.00	10.00	15.00	-1.00	100.8217
1.00	11.00	15.00	-1.00	109.1092
3.00	11.00	15.00	-1.00	110.7328
5.00	11.00	15.00	-1.00	113.8956
7.00	11.00	15.00	-1.00	118.3909
1.00	12.00	15.00	-1.00	121.4394
3.00	12.00	15.00	-1.00	123.3179
5.00	12.00	15.00	-1.00	126.9086
7.00	12.00	15.00	-1.00	131.8908
1.00	13.00	15.00	-1.00	133.5925
3.00	13.00	15.00	-1.00	135.7887
5.00	13.00	15.00	-1.00	139.8867
7.00	13.00	15.00	-1.00	145.4147
1.00	14.00	15.00	-1.00	145.6096
3.00	14.00	15.00	-1.00	148.1810
5.00	14.00	15.00	-1.00	152.8479
7.00	14.00	15.00	-1.00	158.9604
9.00	14.00	15.00	-1.00	165.7361
1.00	15.00	15.00	-1.00	157.5208
3.00	15.00	15.00	-1.00	160.5206
5.00	15.00	15.00	-1.00	165.8037
7.00	15.00	15.00	-1.00	172.5240
9.00	15.00	15.00	-1.00	179.8238
1.00	16.00	15.00	-1.00	169.3486
3.00	16.00	15.00	-1.00	172.8262
5.00	16.00	15.00	-1.00	178.7602
7.00	16.00	15.00	-1.00	186.1016
9.00	16.00	15.00	-1.00	193.9247
1.00	17.00	15.00	-1.00	181.1102
3.00	17.00	15.00	-1.00	185.1109
5.00	17.00	15.00	-1.00	191.7204
7.00	17.00	15.00	-1.00	199.6897
9.00	17.00	15.00	-1.00	208.0426
1.00	18.00	15.00	-1.00	192.8191
3.00	18.00	15.00	-1.00	197.3835
5.00	18.00	15.00	-1.00	204.6853
7.00	18.00	15.00	-1.00	213.2853
9.00	18.00	15.00	-1.00	222.1703
1.00	19.00	15.00	-1.00	204.4857
3.00	19.00	15.00	-1.00	209.6503
5.00	19.00	15.00	-1.00	217.6546
7.00	19.00	15.00	-1.00	226.8860
9.00	19.00	15.00	-1.00	236.3050
1.00	20.00	15.00	-1.00	216.1184
3.00	20.00	15.00	-1.00	221.9150
5.00	20.00	15.00	-1.00	230.6277
7.00	20.00	15.00	-1.00	240.4899
9.00	20.00	15.00	-1.00	250.4445
1.00	4.00	20.00	-1.00	16.9037
1.00	6.00	20.00	-1.00	43.3163
3.00	6.00	20.00	-1.00	45.4445
1.00	7.00	20.00	-1.00	59.6463
3.00	7.00	20.00	-1.00	61.1261
1.00	8.00	20.00	-1.00	76.1369
3.00	8.00	20.00	-1.00	77.2847
5.00	8.00	20.00	-1.00	79.4833
1.00	9.00	20.00	-1.00	92.1886
3.00	9.00	20.00	-1.00	93.1973
5.00	9.00	20.00	-1.00	95.1774
1.00	10.00	20.00	-1.00	107.7323
3.00	10.00	20.00	-1.00	108.7147
5.00	10.00	20.00	-1.00	110.6635
7.00	10.00	20.00	-1.00	113.5438
1.00	11.00	20.00	-1.00	122.8436
3.00	11.00	20.00	-1.00	123.8727
5.00	11.00	20.00	-1.00	125.9182
7.00	11.00	20.00	-1.00	128.9456
1.00	12.00	20.00	-1.00	137.6119
3.00	12.00	20.00	-1.00	138.7420
5.00	12.00	20.00	-1.00	140.9796
7.00	12.00	20.00	-1.00	144.2696
1.00	13.00	20.00	-1.00	152.1118
3.00	13.00	20.00	-1.00	153.3881
5.00	13.00	20.00	-1.00	155.8945
7.00	13.00	20.00	-1.00	159.5352
9.00	13.00	20.00	-1.00	164.1532
1.00	14.00	20.00	-1.00	166.4006
3.00	14.00	20.00	-1.00	167.8636
5.00	14.00	20.00	-1.00	170.7039
7.00	14.00	20.00	-1.00	174.7638
9.00	14.00	20.00	-1.00	179.8242
1.00	15.00	20.00	-1.00	180.5217
3.00	15.00	20.00	-1.00	182.2094
5.00	15.00	20.00	-1.00	185.4401
7.00	15.00	20.00	-1.00	189.9728
9.00	15.00	20.00	-1.00	195.5158
11.00	15.00	20.00	-1.00	201.7054
1.00	16.00	20.00	-1.00	194.5083
3.00	16.00	20.00	-1.00	196.4573
5.00	16.00	20.00	-1.00	200.1277
7.00	16.00	20.00	-1.00	205.1740
9.00	16.00	20.00	-1.00	211.2264
11.00	16.00	20.00	-1.00	217.8825
1.00	17.00	20.00	-1.00	208.3856
3.00	17.00	20.00	-1.00	210.6314
5.00	17.00	20.00	-1.00	214.7843
7.00	17.00	20.00	-1.00	220.3748
9.00	17.00	20.00	-1.00	226.9539
11.00	17.00	20.00	-1.00	234.0760
1.00	18.00	20.00	-1.00	222.1734
3.00	18.00	20.00	-1.00	224.7506
5.00	18.00	20.00	-1.00	229.4227
7.00	18.00	20.00	-1.00	235.5793
9.00	18.00	20.00	-1.00	242.6955
11.00	18.00	20.00	-1.00	250.2950
1.00	19.00	20.00	-1.00	235.8874
3.00	19.00	20.00	-1.00	238.8293
5.00	19.00	20.00	-1.00	244.0515
7.00	19.00	20.00	-1.00	250.7892
9.00	19.00	20.00	-1.00	258.4483
11.00	19.00	20.00	-1.00	266.5285
1.00	20.00	20.00	-1.00	249.5400
3.00	20.00	20.00	-1.00	252.8788
5.00	20.00	20.00	-1.00	258.6763
7.00	20.00	20.00	-1.00	266.0050
9.00	20.00	20.00	-1.00	274.2098
11.00	20.00	20.00	-1.00	282.7727
1.00	4.00	25.00	-1.00	16.9038
1.00	6.00	25.00	-1.00	43.5718
3.00	6.00	25.00	-1.00	45.7281
1.00	7.00	25.00	-1.00	60.9983
3.00	7.00	25.00	-1.00	62.4840
1.00	8.00	25.00	-1.00	79.4828
3.00	8.00	25.00	-1.00	80.5737
5.00	8.00	25.00	-1.00	82.6459
1.00	9.00	25.00	-1.00	97.9173
3.00	9.00	25.00	-1.00	98.8025
5.00	9.00	25.00	-1.00	100.5287
7.00	9.00	25.00	-1.00	103.2029
1.00	10.00	25.00	-1.00	115.8949
3.00	10.00	25.00	-1.00	116.6896
5.00	10.00	25.00	-1.00	118.2610
7.00	10.00	25.00	-1.00	120.6113
1.00	11.00	25.00	-1.00	133.3729
3.00	11.00	25.00	-1.00	134.1482
5.00	11.00	25.00	-1.00	135.6911
7.00	11.00	25.00	-1.00	137.9847
9.00	11.00	25.00	-1.00	141.1199
1.00	12.00	25.00	-1.00	150.4158
3.00	12.00	25.00	-1.00	151.2200
5.00	12.00	25.00	-1.00	152.8228
7.00	12.00	25.00	-1.00	155.2103
9.00	12.00	25.00	-1.00	158.3545
1.00	13.00	25.00	-1.00	167.1028
3.00	13.00	25.00	-1.00	167.9724
5.00	13.00	25.00	-1.00	169.7027
7.00	13.00	25.00	-1.00	172.2726
9.00	13.00	25.00	-1.00	175.6423
11.00	13.00	25.00	-1.00	179.7407
1.00	14.00	25.00	-1.00	183.5032
3.00	14.00	25.00	-1.00	184.4688
5.00	14.00	25.00	-1.00	186.3823
7.00	14.00	25.00	-1.00	189.2057
9.00	14.00	25.00	-1.00	192.8768
11.00	14.00	25.00	-1.00	197.3001
1.00	15.00	25.00	-1.00	199.6722
3.00	15.00	25.00	-1.00	200.7616
5.00	15.00	25.00	-1.00	202.9070
7.00	15.00	25.00	-1.00	206.0432
9.00	15.00	25.00	-1.00	210.0753
11.00	15.00	25.00	-1.00	214.8759
1.00	16.00	25.00	-1.00	215.6535
3.00	16.00	25.00	-1.00	216.8927
5.00	16.00	25.00	-1.00	219.3140
7.00	16.00	25.00	-1.00	222.8133
9.00	16.00	25.00	-1.00	227.2532
11.00	16.00	25.00	-1.00	232.4692
13.00	16.00	25.00	-1.00	238.2522
1.00	17.00	25.00	-1.00	231.4809
3.00	17.00	25.00	-1.00	232.8952
5.00	17.00	25.00	-1.00	235.6328
7.00	17.00	25.00	-1.00	239.5380
9.00	17.00	25.00	-1.00	244.4221
11.00	17.00	25.00	-1.00	250.0805
13.00	17.00	25.00	-1.00	256.2869
1.00	18.00	25.00	-1.00	247.1810
3.00	18.00	25.00	-1.00	248.7953
5.00	18.00	25.00	-1.00	251.8867
7.00	18.00	25.00	-1.00	256.2339
9.00	18.00	25.00	-1.00	261.5896
11.00	18.00	25.00	-1.00	267.7092
13.00	18.00	25.00	-1.00	274.3346
1.00	19.00	25.00	-1.00	262.7750
3.00	19.00	25.00	-1.00	264.6140
5.00	19.00	25.00	-1.00	268.0938
7.00	19.00	25.00	-1.00	272.9128
9.00	19.00	25.00	-1.00	278.7605
11.00	19.00	25.00	-1.00	285.3535
13.00	19.00	25.00	-1.00	292.4135
1.00	20.00	25.00	-1.00	278.2797
3.00	20.00	25.00	-1.00	280.3680
5.00	20.00	25.00	-1.00	284.2677
7.00	20.00	25.00	-1.00	289.5831
9.00	20.00	25.00	-1.00	295.9373
11.00	20.00	25.00	-1.00	303.0114
13.00	20.00	25.00	-1.00	310.5106
1.00	4.00	30.00	-1.00	16.9036
1.00	6.00	30.00	-1.00	43.6349
3.00	6.00	30.00	-1.00	45.8035
1.00	7.00	30.00	-1.00	61.5482
3.00	7.00	30.00	-1.00	63.0520
1.00	8.00	30.00	-1.00	81.3344
3.00	8.00	30.00	-1.00	82.4188
5.00	8.00	30.00	-1.00	84.4697
1.00	9.00	30.00	-1.00	101.6955
3.00	9.00	30.00	-1.00	102.5347
5.00	9.00	30.00	-1.00	104.1642
7.00	9.00	30.00	-1.00	106.7781
1.00	10.00	30.00	-1.00	121.8418
3.00	10.00	30.00	-1.00	122.5511
5.00	10.00	30.00	-1.00	123.9484
7.00	10.00	30.00	-1.00	125.9962
9.00	10.00	30.00	-1.00	128.8052
1.00	11.00	30.00	-1.00	141.5137
3.00	11.00	30.00	-1.00	142.1651
5.00	11.00	30.00	-1.00	143.4587
7.00	11.00	30.00	-1.00	145.3769
9.00	11.00	30.00	-1.00	147.8953
1.00	12.00	30.00	-1.00	160.6963
3.00	12.00	30.00	-1.00	161.3366
5.00	12.00	30.00	-1.00	162.6129
7.00	12.00	30.00	-1.00	164.5164
9.00	12.00	30.00	-1.00	167.0325
11.00	12.00	30.00	-1.00	170.1891
1.00	13.00	30.00	-1.00	179.4494
3.00	13.00	30.00	-1.00	180.1117
5.00	13.00	30.00	-1.00	181.4332
7.00	13.00	30.00	-1.00	183.4069
9.00	13.00	30.00	-1.00	186.0197
11.00	13.00	30.00	-1.00	189.2518
1.00	14.00	30.00	-1.00	197.8441
3.00	14.00	30.00	-1.00	198.5541
5.00	14.00	30.00	-1.00	199.9697
7.00	14.00	30.00	-1.00	202.0805
9.00	14.00	30.00	-1.00	204.8680
11.00	14.00	30.00	-1.00	208.3077
13.00	14.00	30.00	-1.00	212.3284
1.00	15.00	30.00	-1.00	215.9439
3.00	15.00	30.00	-1.00	216.7237
5.00	15.00	30.00	-1.00	218.2744
7.00	15.00	30.00	-1.00	220.5776
9.00	15.00	30.00	-1.00	223.6031
11.00	15.00	30.00	-1.00	227.3060
13.00	15.00	30.00	-1.00	231.6207
1.00	16.00	30.00	-1.00	233.8013
3.00	16.00	30.00	-1.00	234.6706
5.00	16.00	30.00	-1.00	236.3930
7.00	16.00	30.00	-1.00	238.9364
9.00	16.00	30.00	-1.00	242.2527
11.00	16.00	30.00	-1.00	246.2772
13.00	16.00	30.00	-1.00	250.9253
1.00	17.00	30.00	-1.00	251.4583
3.00	17.00	30.00	-1.00	252.4359
5.00	17.00	30.00	-1.00	254.3638
7.00	17.00	30.00	-1.00	257.1896
9.00	17.00	30.00	-1.00	260.8409
11.00	17.00	30.00	-1.00	265.2283
13.00	17.00	30.00	-1.00	270.2451
1.00	18.00	30.00	-1.00	268.9485
3.00	18.00	30.00	-1.00	270.0528
5.00	18.00	30.00	-1.00	272.2177
7.00	18.00	30.00	-1.00	275.3637
9.00	18.00	30.00	-1.00	279.3873
11.00	18.00	30.00	-1.00	284.1699
13.00	18.00	30.00	-1.00	289.5814
1.00	19.00	30.00	-1.00	286.2989
3.00	19.00	30.00	-1.00	287.5478
5.00	19.00	30.00	-1.00	289.9799
7.00	19.00	30.00	-1.00	293.4801
9.00	19.00	30.00	-1.00	297.9069
11.00	19.00	30.00	-1.00	303.1097
13.00	19.00	30.00	-1.00	308.9345
1.00	20.00	30.00	-1.00	303.5310
3.00	20.00	30.00	-1.00	304.9427
5.00	20.00	30.00	-1.00	307.6707
7.00	20.00	30.00	-1.00	311.5553
9.00	20.00	30.00	-1.00	316.4109
11.00	20.00	30.00	-1.00	322.0527
13.00	20.00	30.00	-1.00	328.3038
1.00	4.00	35.00	-1.00	16.9036
1.00	6.00	35.00	-1.00	43.6500
3.00	6.00	35.00	-1.00	45.8229
1.00	7.00	35.00	-1.00	61.7593
3.00	7.00	35.00	-1.00	63.2762
1.00	8.00	35.00	-1.00	82.3086
3.00	8.00	35.00	-1.00	83.4013
5.00	8.00	35.00	-1.00	85.4633
7.00	8.00	35.00	-1.00	88.3480
1.00	9.00	35.00	-1.00	104.1163
3.00	9.00	35.00	-1.00	104.9424
5.00	9.00	35.00	-1.00	106.5419
7.00	9.00	35.00	-1.00	108.8259
1.00	10.00	35.00	-1.00	126.1246
3.00	10.00	35.00	-1.00	126.7944
5.00	10.00	35.00	-1.00	128.1107
7.00	10.00	35.00	-1.00	130.0316
9.00	10.00	35.00	-1.00	132.8017
1.00	11.00	35.00	-1.00	147.8021
3.00	11.00	35.00	-1.00	148.3884
5.00	11.00	35.00	-1.00	149.5504
7.00	11.00	35.00	-1.00	151.2682
9.00	11.00	35.00	-1.00	153.5686
1.00	12.00	35.00	-1.00	168.9946
3.00	12.00	35.00	-1.00	169.5446
5.00	12.00	35.00	-1.00	170.6395
7.00	12.00	35.00	-1.00	172.2700
9.00	12.00	35.00	-1.00	174.4222
11.00	12.00	35.00	-1.00	177.0784
1.00	13.00	35.00	-1.00	189.7098
3.00	13.00	35.00	-1.00	190.2553
5.00	13.00	35.00	-1.00	191.3439
7.00	13.00	35.00	-1.00	192.9707
9.00	13.00	35.00	-1.00	195.1274
11.00	13.00	35.00	-1.00	197.8019
13.00	13.00	35.00	-1.00	201.0100
1.00	14.00	35.00	-1.00	210.0050
3.00	14.00	35.00	-1.00	210.5697
5.00	14.00	35.00	-1.00	211.6972
7.00	14.00	35.00	-1.00	213.3835
9.00	14.00	35.00	-1.00	215.6214
11.00	14.00	35.00	-1.00	218.3986
13.00	14.00	35.00	-1.00	221.6964
1.00	15.00	35.00	-1.00	229.9450
3.00	15.00	35.00	-1.00	230.5478
5.00	15.00	35.00	-1.00	231.7505
7.00	15.00	35.00	-1.00	233.5473
9.00	15.00	35.00	-1.00	235.9278
11.00	15.00	35.00	-1.00	238.8756
13.00	15.00	35.00	-1.00	242.3778
1.00	16.00	35.00	-1.00	249.5883
3.00	16.00	35.00	-1.00	250.2453
5.00	16.00	35.00	-1.00	251.5543
7.00	16.00	35.00	-1.00	253.5047
9.00	16.00	35.00	-1.00	256.0794
11.00	16.00	35.00	-1.00	259.2535
13.00	16.00	35.00	-1.00	262.9920
1.00	17.00	35.00	-1.00	268.9838
3.00	17.00	35.00	-1.00	269.7100
5.00	17.00	35.00	-1.00	271.1533
7.00	17.00	35.00	-1.00	273.2952
9.00	17.00	35.00	-1.00	276.1083
11.00	17.00	35.00	-1.00	279.5552
13.00	17.00	35.00	-1.00	283.5880
1.00	18.00	35.00	-1.00	288.1717
3.00	18.00	35.00	-1.00	288.9811
5.00	18.00	35.00	-1.00	290.5847
7.00	18.00	35.00	-1.00	292.9528
9.00	18.00	35.00	-1.00	296.0429
11.00	18.00	35.00	-1.00	299.8016
13.00	18.00	35.00	-1.00	304.1651
1.00	19.00	35.00	-1.00	307.1845
3.00	19.00	35.00	-1.00	308.0910
5.00	19.00	35.00	-1.00	309.8797
7.00	19.00	35.00	-1.00	312.5056
9.00	19.00	35.00	-1.00	315.9069
11.00	19.00	35.00	-1.00	320.0100
13.00	19.00	35.00	-1.00	324.7330
1.00	20.00	35.00	-1.00	326.0488
3.00	20.00	35.00	-1.00	327.0658
5.00	20.00	35.00	-1.00	329.0638
7.00	20.00	35.00	-1.00	331.9769
9.00	20.00	35.00	-1.00	335.7193
11.00	20.00	35.00	-1.00	340.1940
13.00	20.00	35.00	-1.00	345.2991
1.00	4.00	40.00	-1.00	16.9037
1.00	6.00	40.00	-1.00	43.6536
3.00	6.00	40.00	-1.00	45.8279
1.00	7.00	40.00	-1.00	61.8379
3.00	7.00	40.00	-1.00	63.3618
1.00	8.00	40.00	-1.00	82.8005
3.00	8.00	40.00	-1.00	83.9031
5.00	8.00	40.00	-1.00	85.9816
1.00	9.00	40.00	-1.00	105.6200
3.00	9.00	40.00	-1.00	106.4465
5.00	9.00	40.00	-1.00	108.0442
7.00	9.00	40.00	-1.00	110.3386
1.00	10.00	40.00	-1.00	129.1565
3.00	10.00	40.00	-1.00	129.8098
5.00	10.00	40.00	-1.00	131.0912
7.00	10.00	40.00	-1.00	132.9556
9.00	10.00	40.00	-1.00	135.5532
1.00	11.00	40.00	-1.00	152.6268
3.00	11.00	40.00	-1.00	153.1784
5.00	11.00	40.00	-1.00	154.2697
7.00	11.00	40.00	-1.00	155.8787
9.00	11.00	40.00	-1.00	157.9975
11.00	11.00	40.00	-1.00	160.6159
1.00	12.00	40.00	-1.00	175.6916
3.00	12.00	40.00	-1.00	176.1891
5.00	12.00	40.00	-1.00	177.1784
7.00	12.00	40.00	-1.00	178.6485
9.00	12.00	40.00	-1.00	180.5846
11.00	12.00	40.00	-1.00	182.9683
13.00	12.00	40.00	-1.00	185.9901
1.00	13.00	40.00	-1.00	198.2690
3.00	13.00	40.00	-1.00	198.7443
5.00	13.00	40.00	-1.00	199.6923
7.00	13.00	40.00	-1.00	201.1074
9.00	13.00	40.00	-1.00	202.9818
11.00	13.00	40.00	-1.00	205.3052
1.00	14.00	40.00	-1.00	220.3824
3.00	14.00	40.00	-1.00	220.8582
5.00	14.00	40.00	-1.00	221.8086
7.00	14.00	40.00	-1.00	223.2303
9.00	14.00	40.00	-1.00	225.1187
11.00	14.00	40.00	-1.00	227.4666
13.00	14.00	40.00	-1.00	230.2632
1.00	15.00	40.00	-1.00	242.0876
3.00	15.00	40.00	-1.00	242.5814
5.00	15.00	40.00	-1.00	243.5677
7.00	15.00	40.00	-1.00	245.0439
9.00	15.00	40.00	-1.00	247.0056
11.00	15.00	40.00	-1.00	249.4455
13.00	15.00	40.00	-1.00	252.3524
1.00	16.00	40.00	-1.00	263.4444
3.00	16.00	40.00	-1.00	263.9702
5.00	16.00	40.00	-1.00	265.0201
7.00	16.00	40.00	-1.00	266.5902
9.00	16.00	40.00	-1.00	268.6739
11.00	16.00	40.00	-1.00	271.2611
13.00	16.00	40.00	-1.00	274.3371
1.00	17.00	40.00	-1.00	284.5063
3.00	17.00	40.00	-1.00	285.0768
5.00	17.00	40.00	-1.00	286.2143
7.00	17.00	40.00	-1.00	287.9122
9.00	17.00	40.00	-1.00	290.1595
11.00	17.00	40.00	-1.00	292.9407
13.00	17.00	40.00	-1.00	296.2347
1.00	18.00	40.00	-1.00	305.3191
3.00	18.00	40.00	-1.00	305.9456
5.00	18.00	40.00	-1.00	307.1927
7.00	18.00	40.00	-1.00	309.0489
9.00	18.00	40.00	-1.00	311.4965
11.00	18.00	40.00	-1.00	314.5118
13.00	18.00	40.00	-1.00	318.0647
1.00	19.00	40.00	-1.00	325.9207
3.00	19.00	40.00	-1.00	326.6141
5.00	19.00	40.00	-1.00	327.9915
7.00	19.00	40.00	-1.00	330.0340
9.00	19.00	40.00	-1.00	332.7147
11.00	19.00	40.00	-1.00	335.9990
13.00	19.00	40.00	-1.00	339.8452
1.00	20.00	40.00	-1.00	346.3423
3.00	20.00	40.00	-1.00	347.1134
5.00	20.00	40.00	-1.00	348.6407
7.00	20.00	40.00	-1.00	350.8959
9.00	20.00	40.00	-1.00	353.8396
11.00	20.00	40.00	-1.00	357.4232
13.00	20.00	40.00	-1.00	361.5916
1.00	4.00	45.00	-1.00	16.9036
1.00	6.00	45.00	-1.00	43.6545
3.00	6.00	45.00	-1.00	45.8292
1.00	7.00	45.00	-1.00	61.8668
3.00	7.00	45.00	-1.00	63.3940
1.00	8.00	45.00	-1.00	83.0418
3.00	8.00	45.00	-1.00	84.1519
5.00	8.00	45.00	-1.00	86.2439
1.00	9.00	45.00	-1.00	106.5276
3.00	9.00	45.00	-1.00	107.3593
5.00	9.00	45.00	-1.00	108.9653
7.00	9.00	45.00	-1.00	111.2487
1.00	10.00	45.00	-1.00	131.2617
3.00	10.00	45.00	-1.00	131.9100
5.00	10.00	45.00	-1.00	133.1800
7.00	10.00	45.00	-1.00	135.0241
9.00	10.00	45.00	-1.00	137.3823
1.00	11.00	45.00	-1.00	156.2907
3.00	11.00	45.00	-1.00	156.8243
5.00	11.00	45.00	-1.00	157.8786
7.00	11.00	45.00	-1.00	159.4299
9.00	11.00	45.00	-1.00	161.4576
11.00	11.00	45.00	-1.00	164.3120
1.00	12.00	45.00	-1.00	181.0759
3.00	12.00	45.00	-1.00	181.5422
5.00	12.00	45.00	-1.00	182.4685
7.00	12.00	45.00	-1.00	183.8428
9.00	12.00	45.00	-1.00	185.6484
11.00	12.00	45.00	-1.00	187.8658
13.00	12.00	45.00	-1.00	190.5840
1.00	13.00	45.00	-1.00	205.4119
3.00	13.00	45.00	-1.00	205.8432
5.00	13.00	45.00	-1.00	206.7028
7.00	13.00	45.00	-1.00	207.9843
9.00	13.00	45.00	-1.00	209.6792
11.00	13.00	45.00	-1.00	211.7767
13.00	13.00	45.00	-1.00	214.2638
1.00	14.00	45.00	-1.00	229.2648
3.00	14.00	45.00	-1.00	229.6836
5.00	14.00	45.00	-1.00	230.5197
7.00	14.00	45.00	-1.00	231.7699
9.00	14.00	45.00	-1.00	233.4295
11.00	14.00	45.00	-1.00	235.4922
13.00	14.00	45.00	-1.00	237.9499
1.00	15.00	45.00	-1.00	252.6685
3.00	15.00	45.00	-1.00	253.0914
5.00	15.00	45.00	-1.00	253.9364
7.00	15.00	45.00	-1.00	255.2015
9.00	15.00	45.00	-1.00	256.8837
11.00	15.00	45.00	-1.00	258.9785
13.00	15.00	45.00	-1.00	261.4795
1.00	16.00	45.00	-1.00	275.6772
3.00	16.00	45.00	-1.00	276.1173
5.00	16.00	45.00	-1.00	276.9967
7.00	16.00	45.00	-1.00	278.3135
9.00	16.00	45.00	-1.00	280.0648
11.00	16.00	45.00	-1.00	282.2457
13.00	16.00	45.00	-1.00	284.8492
1.00	17.00	45.00	-1.00	298.3461
3.00	17.00	45.00	-1.00	298.8144
5.00	17.00	45.00	-1.00	299.7496
7.00	17.00	45.00	-1.00	301.1492
9.00	17.00	45.00	-1.00	303.0084
11.00	17.00	45.00	-1.00	305.3204
13.00	17.00	45.00	-1.00	308.0757
1.00	18.00	45.00	-1.00	320.7245
3.00	18.00	45.00	-1.00	321.2308
5.00	18.00	45.00	-1.00	322.2411
7.00	18.00	45.00	-1.00	323.7505
9.00	18.00	45.00	-1.00	325.7515
11.00	18.00	45.00	-1.00	328.2335
13.00	18.00	45.00	-1.00	331.1823
1.00	19.00	45.00	-1.00	342.8551
3.00	19.00	45.00	-1.00	343.4085
5.00	19.00	45.00	-1.00	344.5112
7.00	19.00	45.00	-1.00	346.1553
9.00	19.00	45.00	-1.00	348.3285
11.00	19.00	45.00	-1.00	351.0146
13.00	19.00	45.00	-1.00	354.1930
1.00	20.00	45.00	-1.00	364.7735
3.00	20.00	45.00	-1.00	365.3827
5.00	20.00	45.00	-1.00	366.5945
7.00	20.00	45.00	-1.00	368.3962
9.00	20.00	45.00	-1.00	370.7694
11.00	20.00	45.00	-1.00	373.6901
13.00	20.00	45.00	-1.00	377.1293
1.00	4.00	50.00	-1.00	16.9037
1.00	6.00	50.00	-1.00	43.6547
3.00	6.00	50.00	-1.00	45.8295
1.00	7.00	50.00	-1.00	61.8772
3.00	7.00	50.00	-1.00	63.4060
1.00	8.00	50.00	-1.00	83.1580
3.00	8.00	50.00	-1.00	84.2731
5.00	8.00	50.00	-1.00	86.3741
1.00	9.00	50.00	-1.00	107.0626
3.00	9.00	50.00	-1.00	107.9001
5.00	9.00	50.00	-1.00	109.5166
7.00	9.00	50.00	-1.00	111.8127
1.00	10.00	50.00	-1.00	132.6950
3.00	10.00	50.00	-1.00	133.3439
5.00	10.00	50.00	-1.00	134.6142
7.00	10.00	50.00	-1.00	136.4561
9.00	10.00	50.00	-1.00	138.8071
1.00	11.00	50.00	-1.00	159.0391
3.00	11.00	50.00	-1.00	159.5642
5.00	11.00	50.00	-1.00	160.6009
7.00	11.00	50.00	-1.00	162.1241
9.00	11.00	50.00	-1.00	164.1004
11.00	11.00	50.00	-1.00	166.5650
1.00	12.00	50.00	-1.00	185.3778
3.00	12.00	50.00	-1.00	185.8258
5.00	12.00	50.00	-1.00	186.7148
7.00	12.00	50.00	-1.00	188.0318
9.00	12.00	50.00	-1.00	189.7590
11.00	12.00	50.00	-1.00	191.9682
13.00	12.00	50.00	-1.00	194.3675
1.00	13.00	50.00	-1.00	211.3609
3.00	13.00	50.00	-1.00	211.7641
5.00	13.00	50.00	-1.00	212.5668
7.00	13.00	50.00	-1.00	213.7623
9.00	13.00	50.00	-1.00	215.3411
11.00	13.00	50.00	-1.00	217.2913
13.00	13.00	50.00	-1.00	219.6013
1.00	14.00	50.00	-1.00	236.8734
3.00	14.00	50.00	-1.00	237.2543
5.00	14.00	50.00	-1.00	238.0144
7.00	14.00	50.00	-1.00	239.1499
9.00	14.00	50.00	-1.00	240.6559
11.00	14.00	50.00	-1.00	242.5257
13.00	14.00	50.00	-1.00	244.7515
1.00	15.00	50.00	-1.00	261.9123
3.00	15.00	50.00	-1.00	262.2873
5.00	15.00	50.00	-1.00	263.0364
7.00	15.00	50.00	-1.00	264.1577
9.00	15.00	50.00	-1.00	265.6483
11.00	15.00	50.00	-1.00	267.5043
13.00	15.00	50.00	-1.00	269.7205
1.00	16.00	50.00	-1.00	286.5178
3.00	16.00	50.00	-1.00	286.8994
5.00	16.00	50.00	-1.00	287.6620
7.00	16.00	50.00	-1.00	288.8044
9.00	16.00	50.00	-1.00	290.3246
11.00	16.00	50.00	-1.00	292.2196
13.00	16.00	50.00	-1.00	294.4851
1.00	17.00	50.00	-1.00	310.7420
3.00	17.00	50.00	-1.00	311.1403
5.00	17.00	50.00	-1.00	311.9364
7.00	17.00	50.00	-1.00	313.1288
9.00	17.00	50.00	-1.00	314.7154
11.00	17.00	50.00	-1.00	316.6927
13.00	17.00	50.00	-1.00	319.0560
1.00	18.00	50.00	-1.00	334.6361
3.00	18.00	50.00	-1.00	335.0599
5.00	18.00	50.00	-1.00	335.9064
7.00	18.00	50.00	-1.00	337.1736
9.00	18.00	50.00	-1.00	338.8581
11.00	18.00	50.00	-1.00	340.9548
13.00	18.00	50.00	-1.00	343.4569
1.00	19.00	50.00	-1.00	358.2459
3.00	19.00	50.00	-1.00	358.7030
5.00	19.00	50.00	-1.00	359.6154
7.00	19.00	50.00	-1.00	360.9794
9.00	19.00	50.00	-1.00	362.7896
11.00	19.00	50.00	-1.00	365.0381
13.00	19.00	50.00	-1.00	367.7146
1.00	20.00	50.00	-1.00	381.6109
3.00	20.00	50.00	-1.00	382.1086
5.00	20.00	50.00	-1.00	383.1011
7.00	20.00	50.00	-1.00	384.5824
9.00	20.00	50.00	-1.00	386.5437
11.00	20.00	50.00	-1.00	388.9730
13.00	20.00	50.00	-1.00	391.8552
1.00	4.00	5.00	-0.50	19.5653
1.00	6.00	5.00	-0.50	34.9312
1.00	7.00	5.00	-0.50	42.2800
1.00	8.00	5.00	-0.50	49.5244
3.00	8.00	5.00	-0.50	55.3057
1.00	10.00	5.00	-0.50	63.8836
3.00	10.00	5.00	-0.50	71.7455
1.00	11.00	5.00	-0.50	65.4318
3.00	12.00	5.00	-0.50	88.2223
1.00	13.00	5.00	-0.50	85.3594
3.00	13.00	5.00	-0.50	96.4661
1.00	15.00	5.00	-0.50	99.6849
3.00	15.00	5.00	-0.50	112.9583
3.00	16.00	5.00	-0.50	128.4871
1.00	17.00	5.00	-0.50	114.0170
3.00	17.00	5.00	-0.50	129.4540
3.00	18.00	5.00	-0.50	142.6850
1.00	19.00	5.00	-0.50	128.3517
3.00	19.00	5.00	-0.50	125.0872
1.00	20.00	5.00	-0.50	119.5362
3.00	20.00	5.00	-0.50	133.2231
1.00	4.00	10.00	-0.50	21.2079
1.00	6.00	10.00	-0.50	44.1557
3.00	6.00	10.00	-0.50	46.0804
1.00	7.00	10.00	-0.50	55.3186
3.00	7.00	10.00	-0.50	57.2024
1.00	8.00	10.00	-0.50	66.1075
3.00	8.00	10.00	-0.50	68.1848
1.00	9.00	10.00	-0.50	76.6230
3.00	9.00	10.00	-0.50	79.0558
1.00	10.00	10.00	-0.50	86.9460
3.00	10.00	10.00	-0.50	89.8595
5.00	10.00	10.00	-0.50	94.9601
1.00	11.00	10.00	-0.50	97.1329
3.00	11.00	10.00	-0.50	100.6289
5.00	11.00	10.00	-0.50	106.4290
1.00	12.00	10.00	-0.50	107.2232
3.00	12.00	10.00	-0.50	111.3846
5.00	12.00	10.00	-0.50	117.9243
1.00	13.00	10.00	-0.50	117.2443
3.00	13.00	10.00	-0.50	122.1378
5.00	13.00	10.00	-0.50	129.4367
1.00	14.00	10.00	-0.50	127.2163
3.00	14.00	10.00	-0.50	132.8936
5.00	14.00	10.00	-0.50	140.9605
1.00	15.00	10.00	-0.50	137.1534
3.00	15.00	10.00	-0.50	143.6539
5.00	15.00	10.00	-0.50	152.4917
1.00	16.00	10.00	-0.50	147.0662
3.00	16.00	10.00	-0.50	154.4185
5.00	16.00	10.00	-0.50	164.0273
1.00	17.00	10.00	-0.50	156.9626
3.00	17.00	10.00	-0.50	165.1868
5.00	17.00	10.00	-0.50	175.5656
5.00	18.00	10.00	-0.50	158.2922
1.00	19.00	10.00	-0.50	176.7268
3.00	19.00	10.00	-0.50	186.7307
5.00	19.00	10.00	-0.50	198.6461
1.00	4.00	15.00	-0.50	21.3256
1.00	6.00	15.00	-0.50	48.0692
3.00	6.00	15.00	-0.50	49.7105
1.00	7.00	15.00	-0.50	62.3946
3.00	7.00	15.00	-0.50	63.7184
1.00	8.00	15.00	-0.50	76.3224
3.00	8.00	15.00	-0.50	77.5569
5.00	8.00	15.00	-0.50	79.9838
1.00	9.00	15.00	-0.50	89.8269
3.00	9.00	15.00	-0.50	91.1111
5.00	9.00	15.00	-0.50	93.6503
1.00	10.00	15.00	-0.50	102.9897
3.00	10.00	15.00	-0.50	104.4201
5.00	10.00	15.00	-0.50	107.2259
1.00	11.00	15.00	-0.50	115.8916
3.00	11.00	15.00	-0.50	117.5450
5.00	11.00	15.00	-0.50	120.7335
7.00	11.00	15.00	-0.50	125.2091
1.00	12.00	15.00	-0.50	128.5954
3.00	12.00	15.00	-0.50	130.5390
5.00	12.00	15.00	-0.50	134.2003
7.00	12.00	15.00	-0.50	139.1982
1.00	13.00	15.00	-0.50	141.1478
3.00	13.00	15.00	-0.50	143.4427
5.00	13.00	15.00	-0.50	147.6473
7.00	13.00	15.00	-0.50	153.2139
1.00	14.00	15.00	-0.50	153.5832
3.00	14.00	15.00	-0.50	156.2861
5.00	14.00	15.00	-0.50	161.0880
7.00	14.00	15.00	-0.50	167.2531
9.00	14.00	15.00	-0.50	174.0004
1.00	15.00	15.00	-0.50	165.9273
3.00	15.00	15.00	-0.50	169.0906
5.00	15.00	15.00	-0.50	174.5300
7.00	15.00	15.00	-0.50	181.3108
9.00	15.00	15.00	-0.50	188.5812
1.00	16.00	15.00	-0.50	178.1994
3.00	16.00	15.00	-0.50	181.8714
5.00	16.00	15.00	-0.50	187.9771
7.00	16.00	15.00	-0.50	195.3826
9.00	16.00	15.00	-0.50	203.1820
1.00	17.00	15.00	-0.50	190.4147
3.00	17.00	15.00	-0.50	194.6389
5.00	17.00	15.00	-0.50	201.4304
7.00	17.00	15.00	-0.50	209.4648
9.00	17.00	15.00	-0.50	217.7957
1.00	18.00	15.00	-0.50	202.5847
3.00	18.00	15.00	-0.50	207.4000
5.00	18.00	15.00	-0.50	214.8896
7.00	18.00	15.00	-0.50	223.5542
9.00	18.00	15.00	-0.50	232.4187
1.00	19.00	15.00	-0.50	214.7188
3.00	19.00	15.00	-0.50	220.1591
5.00	19.00	15.00	-0.50	228.3539
7.00	19.00	15.00	-0.50	237.6485
9.00	19.00	15.00	-0.50	247.0485
1.00	20.00	15.00	-0.50	226.8242
3.00	20.00	15.00	-0.50	232.9189
5.00	20.00	15.00	-0.50	241.8223
7.00	20.00	15.00	-0.50	251.7462
9.00	20.00	15.00	-0.50	261.6831
1.00	4.00	20.00	-0.50	21.3320
1.00	6.00	20.00	-0.50	49.5364
3.00	6.00	20.00	-0.50	51.1644
1.00	7.00	20.00	-0.50	66.1297
3.00	7.00	20.00	-0.50	67.3302
5.00	7.00	20.00	-0.50	69.6823
1.00	8.00	20.00	-0.50	82.7246
3.00	8.00	20.00	-0.50	83.7176
5.00	8.00	20.00	-0.50	85.6512
1.00	9.00	20.00	-0.50	98.9151
3.00	9.00	20.00	-0.50	99.8372
5.00	9.00	20.00	-0.50	101.6617
7.00	9.00	20.00	-0.50	104.3567
1.00	10.00	20.00	-0.50	114.6698
3.00	10.00	20.00	-0.50	115.6072
5.00	10.00	20.00	-0.50	117.4719
7.00	10.00	20.00	-0.50	120.2366
1.00	11.00	20.00	-0.50	130.0548
3.00	11.00	20.00	-0.50	131.0686
5.00	11.00	20.00	-0.50	133.0816
7.00	11.00	20.00	-0.50	136.0556
1.00	12.00	20.00	-0.50	145.1444
3.00	12.00	20.00	-0.50	146.2834
5.00	12.00	20.00	-0.50	148.5295
7.00	12.00	20.00	-0.50	151.8134
9.00	12.00	20.00	-0.50	156.0114
1.00	13.00	20.00	-0.50	160.0006
3.00	13.00	20.00	-0.50	161.3076
5.00	13.00	20.00	-0.50	163.8579
7.00	13.00	20.00	-0.50	167.5297
9.00	13.00	20.00	-0.50	172.1451
1.00	14.00	20.00	-0.50	174.6721
3.00	14.00	20.00	-0.50	176.1869
5.00	14.00	20.00	-0.50	179.1023
7.00	14.00	20.00	-0.50	183.2233
9.00	14.00	20.00	-0.50	188.3035
11.00	14.00	20.00	-0.50	194.0074
1.00	15.00	20.00	-0.50	189.1958
3.00	15.00	20.00	-0.50	190.9565
5.00	15.00	20.00	-0.50	194.2907
7.00	15.00	20.00	-0.50	198.9077
9.00	15.00	20.00	-0.50	204.4860
11.00	15.00	20.00	-0.50	210.6535
1.00	16.00	20.00	-0.50	203.6005
3.00	16.00	20.00	-0.50	205.6440
5.00	16.00	20.00	-0.50	209.4434
7.00	16.00	20.00	-0.50	214.5918
9.00	16.00	20.00	-0.50	220.6896
11.00	16.00	20.00	-0.50	227.3278
1.00	17.00	20.00	-0.50	217.9083
3.00	17.00	20.00	-0.50	220.2705
5.00	17.00	20.00	-0.50	224.5752
7.00	17.00	20.00	-0.50	230.2806
9.00	17.00	20.00	-0.50	236.9110
11.00	17.00	20.00	-0.50	244.0247
1.00	18.00	20.00	-0.50	232.1365
3.00	18.00	20.00	-0.50	234.8524
5.00	18.00	20.00	-0.50	239.6960
7.00	18.00	20.00	-0.50	245.9763
9.00	18.00	20.00	-0.50	253.1469
11.00	18.00	20.00	-0.50	260.7402
1.00	19.00	20.00	-0.50	246.2991
3.00	19.00	20.00	-0.50	249.4022
5.00	19.00	20.00	-0.50	254.8125
7.00	19.00	20.00	-0.50	261.6795
9.00	19.00	20.00	-0.50	269.3941
11.00	19.00	20.00	-0.50	277.4694
1.00	20.00	20.00	-0.50	260.4070
3.00	20.00	20.00	-0.50	263.9295
5.00	20.00	20.00	-0.50	269.9288
7.00	20.00	20.00	-0.50	277.3897
9.00	20.00	20.00	-0.50	285.6499
11.00	20.00	20.00	-0.50	294.2086
1.00	4.00	25.00	-0.50	21.3323
1.00	6.00	25.00	-0.50	50.0207
3.00	6.00	25.00	-0.50	51.6680
1.00	7.00	25.00	-0.50	67.9747
3.00	7.00	25.00	-0.50	69.1587
5.00	7.00	25.00	-0.50	71.4305
1.00	8.00	25.00	-0.50	86.6602
3.00	8.00	25.00	-0.50	87.5761
5.00	8.00	25.00	-0.50	89.3460
1.00	9.00	25.00	-0.50	105.2087
3.00	9.00	25.00	-0.50	105.9912
5.00	9.00	25.00	-0.50	107.5310
7.00	9.00	25.00	-0.50	109.7843
1.00	10.00	25.00	-0.50	123.3378
3.00	10.00	25.00	-0.50	124.0718
5.00	10.00	25.00	-0.50	125.5298
7.00	10.00	25.00	-0.50	127.6922
1.00	11.00	25.00	-0.50	141.0297
3.00	11.00	25.00	-0.50	141.7713
5.00	11.00	25.00	-0.50	143.2497
7.00	11.00	25.00	-0.50	145.4531
9.00	11.00	25.00	-0.50	148.3582
1.00	12.00	25.00	-0.50	158.3422
3.00	12.00	25.00	-0.50	159.1323
5.00	12.00	25.00	-0.50	160.7067
7.00	12.00	25.00	-0.50	163.0508
9.00	12.00	25.00	-0.50	166.1351
1.00	13.00	25.00	-0.50	175.3427
3.00	13.00	25.00	-0.50	176.2144
5.00	13.00	25.00	-0.50	177.9455
7.00	13.00	25.00	-0.50	180.5093
9.00	13.00	25.00	-0.50	183.8590
11.00	13.00	25.00	-0.50	187.9176
1.00	14.00	25.00	-0.50	192.0900
3.00	14.00	25.00	-0.50	193.0724
5.00	14.00	25.00	-0.50	195.0125
7.00	14.00	25.00	-0.50	197.8611
9.00	14.00	25.00	-0.50	201.5439
11.00	14.00	25.00	-0.50	205.9554
1.00	15.00	25.00	-0.50	208.6319
3.00	15.00	25.00	-0.50	209.7520
5.00	15.00	25.00	-0.50	211.9477
7.00	15.00	25.00	-0.50	215.1363
9.00	15.00	25.00	-0.50	219.2054
11.00	15.00	25.00	-0.50	224.0150
1.00	16.00	25.00	-0.50	225.0060
3.00	16.00	25.00	-0.50	226.2900
5.00	16.00	25.00	-0.50	228.7840
7.00	16.00	25.00	-0.50	232.3594
9.00	16.00	25.00	-0.50	236.8564
11.00	16.00	25.00	-0.50	242.0966
13.00	16.00	25.00	-0.50	247.8715
1.00	17.00	25.00	-0.50	241.2420
3.00	17.00	25.00	-0.50	242.7155
5.00	17.00	25.00	-0.50	245.5474
7.00	17.00	25.00	-0.50	249.5492
9.00	17.00	25.00	-0.50	254.5058
11.00	17.00	25.00	-0.50	260.1991
13.00	17.00	25.00	-0.50	266.3922
1.00	18.00	25.00	-0.50	257.3634
3.00	18.00	25.00	-0.50	259.0518
5.00	18.00	25.00	-0.50	262.2582
7.00	18.00	25.00	-0.50	266.7195
9.00	18.00	25.00	-0.50	272.1594
11.00	18.00	25.00	-0.50	278.3207
13.00	18.00	25.00	-0.50	284.9458
1.00	19.00	25.00	-0.50	273.3890
3.00	19.00	25.00	-0.50	275.3177
5.00	19.00	25.00	-0.50	278.9321
7.00	19.00	25.00	-0.50	283.8799
9.00	19.00	25.00	-0.50	289.8200
11.00	19.00	25.00	-0.50	296.4590
13.00	19.00	25.00	-0.50	303.5215
1.00	20.00	25.00	-0.50	289.3339
3.00	20.00	25.00	-0.50	291.5280
5.00	20.00	25.00	-0.50	295.5808
7.00	20.00	25.00	-0.50	301.0368
9.00	20.00	25.00	-0.50	307.4889
11.00	20.00	25.00	-0.50	314.6113
13.00	20.00	25.00	-0.50	322.1146
1.00	4.00	30.00	-0.50	21.3323
1.00	6.00	30.00	-0.50	50.1681
3.00	6.00	30.00	-0.50	51.8283
1.00	7.00	30.00	-0.50	68.8240
3.00	7.00	30.00	-0.50	70.0167
5.00	7.00	30.00	-0.50	72.2404
1.00	8.00	30.00	-0.50	88.9904
3.00	8.00	30.00	-0.50	89.8864
5.00	8.00	30.00	-0.50	91.6098
1.00	9.00	30.00	-0.50	109.5133
3.00	9.00	30.00	-0.50	110.2385
5.00	9.00	30.00	-0.50	111.6597
7.00	9.00	30.00	-0.50	113.7465
1.00	10.00	30.00	-0.50	129.7849
3.00	10.00	30.00	-0.50	130.4240
5.00	10.00	30.00	-0.50	131.6895
7.00	10.00	30.00	-0.50	133.5585
9.00	10.00	30.00	-0.50	136.0714
1.00	11.00	30.00	-0.50	149.6230
3.00	11.00	30.00	-0.50	150.2312
5.00	11.00	30.00	-0.50	151.4421
7.00	11.00	30.00	-0.50	153.2454
9.00	11.00	30.00	-0.50	155.6249
1.00	12.00	30.00	-0.50	169.0272
3.00	12.00	30.00	-0.50	169.6424
5.00	12.00	30.00	-0.50	170.8702
7.00	12.00	30.00	-0.50	172.7043
9.00	12.00	30.00	-0.50	175.1336
11.00	12.00	30.00	-0.50	178.1380
1.00	13.00	30.00	-0.50	188.0514
3.00	13.00	30.00	-0.50	188.7023
5.00	13.00	30.00	-0.50	190.0010
7.00	13.00	30.00	-0.50	191.9404
9.00	13.00	30.00	-0.50	194.5069
11.00	13.00	30.00	-0.50	197.6778
1.00	14.00	30.00	-0.50	206.7571
3.00	14.00	30.00	-0.50	207.4672
5.00	14.00	30.00	-0.50	208.8814
7.00	14.00	30.00	-0.50	210.9865
9.00	14.00	30.00	-0.50	213.7604
11.00	14.00	30.00	-0.50	217.1681
13.00	14.00	30.00	-0.50	221.1550
1.00	15.00	30.00	-0.50	225.1994
3.00	15.00	30.00	-0.50	225.9895
5.00	15.00	30.00	-0.50	227.5579
7.00	15.00	30.00	-0.50	229.8803
9.00	15.00	30.00	-0.50	232.9196
11.00	15.00	30.00	-0.50	236.6242
13.00	15.00	30.00	-0.50	240.9228
1.00	16.00	30.00	-0.50	243.4239
3.00	16.00	30.00	-0.50	244.3135
5.00	16.00	30.00	-0.50	246.0713
7.00	16.00	30.00	-0.50	248.6562
9.00	16.00	30.00	-0.50	252.0098
11.00	16.00	30.00	-0.50	256.0579
13.00	16.00	30.00	-0.50	260.7090
1.00	17.00	30.00	-0.50	261.4676
3.00	17.00	30.00	-0.50	262.4755
5.00	17.00	30.00	-0.50	264.4558
7.00	17.00	30.00	-0.50	267.3436
9.00	17.00	30.00	-0.50	271.0523
11.00	17.00	30.00	-0.50	275.4808
13.00	17.00	30.00	-0.50	280.5149
1.00	18.00	30.00	-0.50	279.3602
3.00	18.00	30.00	-0.50	280.5048
5.00	18.00	30.00	-0.50	282.7391
7.00	18.00	30.00	-0.50	285.9660
9.00	18.00	30.00	-0.50	290.0641
11.00	18.00	30.00	-0.50	294.9016
13.00	18.00	30.00	-0.50	300.3407
1.00	19.00	30.00	-0.50	297.1256
3.00	19.00	30.00	-0.50	298.4254
5.00	19.00	30.00	-0.50	300.9436
7.00	19.00	30.00	-0.50	304.5421
9.00	19.00	30.00	-0.50	309.0579
11.00	19.00	30.00	-0.50	314.3261
13.00	19.00	30.00	-0.50	320.1857
1.00	20.00	30.00	-0.50	314.7832
3.00	20.00	30.00	-0.50	316.2568
5.00	20.00	30.00	-0.50	319.0876
7.00	20.00	30.00	-0.50	323.0862
9.00	20.00	30.00	-0.50	328.0428
11.00	20.00	30.00	-0.50	333.7576
13.00	20.00	30.00	-0.50	340.0483
1.00	4.00	35.00	-0.50	21.3323
1.00	6.00	35.00	-0.50	50.2113
3.00	6.00	35.00	-0.50	51.8773
1.00	7.00	35.00	-0.50	69.1940
3.00	7.00	35.00	-0.50	70.3972
5.00	7.00	35.00	-0.50	72.6734
1.00	8.00	35.00	-0.50	90.3136
3.00	8.00	35.00	-0.50	91.2100
5.00	8.00	35.00	-0.50	92.9297
1.00	9.00	35.00	-0.50	112.3938
3.00	9.00	35.00	-0.50	113.0974
5.00	9.00	35.00	-0.50	114.4723
7.00	9.00	35.00	-0.50	116.4887
1.00	10.00	35.00	-0.50	134.5446
3.00	10.00	35.00	-0.50	135.1373
5.00	10.00	35.00	-0.50	136.3080
7.00	10.00	35.00	-0.50	138.0305
9.00	10.00	35.00	-0.50	140.6791
1.00	11.00	35.00	-0.50	156.3608
3.00	11.00	35.00	-0.50	156.8978
5.00	11.00	35.00	-0.50	157.9652
7.00	11.00	35.00	-0.50	159.5506
9.00	11.00	35.00	-0.50	161.6368
1.00	12.00	35.00	-0.50	177.7348
3.00	12.00	35.00	-0.50	178.2534
5.00	12.00	35.00	-0.50	179.2877
7.00	12.00	35.00	-0.50	180.8317
9.00	12.00	35.00	-0.50	182.8766
11.00	12.00	35.00	-0.50	185.4096
1.00	13.00	35.00	-0.50	198.6812
3.00	13.00	35.00	-0.50	199.2081
5.00	13.00	35.00	-0.50	200.2604
7.00	13.00	35.00	-0.50	201.8344
9.00	13.00	35.00	-0.50	203.9240
11.00	13.00	35.00	-0.50	206.5187
13.00	13.00	35.00	-0.50	209.9039
1.00	14.00	35.00	-0.50	219.2520
3.00	14.00	35.00	-0.50	219.8080
5.00	14.00	35.00	-0.50	220.9181
7.00	14.00	35.00	-0.50	222.5781
9.00	14.00	35.00	-0.50	224.7805
11.00	14.00	35.00	-0.50	227.5126
13.00	14.00	35.00	-0.50	230.7599
1.00	15.00	35.00	-0.50	239.5040
3.00	15.00	35.00	-0.50	240.1064
5.00	15.00	35.00	-0.50	241.3076
7.00	15.00	35.00	-0.50	243.1002
9.00	15.00	35.00	-0.50	245.4716
11.00	15.00	35.00	-0.50	248.4028
13.00	15.00	35.00	-0.50	251.8658
1.00	16.00	35.00	-0.50	259.4883
3.00	16.00	35.00	-0.50	260.1526
5.00	16.00	35.00	-0.50	261.4745
7.00	16.00	35.00	-0.50	263.4403
9.00	16.00	35.00	-0.50	266.0286
11.00	16.00	35.00	-0.50	269.2100
13.00	16.00	35.00	-0.50	272.9454
1.00	17.00	35.00	-0.50	279.2481
3.00	17.00	35.00	-0.50	279.9890
5.00	17.00	35.00	-0.50	281.4587
7.00	17.00	35.00	-0.50	283.6340
9.00	17.00	35.00	-0.50	286.4809
11.00	17.00	35.00	-0.50	289.9555
13.00	17.00	35.00	-0.50	294.0042
1.00	18.00	35.00	-0.50	298.8190
3.00	18.00	35.00	-0.50	299.6505
5.00	18.00	35.00	-0.50	301.2938
7.00	18.00	35.00	-0.50	303.7121
9.00	18.00	35.00	-0.50	306.8542
11.00	18.00	35.00	-0.50	310.6579
13.00	18.00	35.00	-0.50	315.0527
1.00	19.00	35.00	-0.50	318.2301
3.00	19.00	35.00	-0.50	319.1661
5.00	19.00	35.00	-0.50	321.0078
7.00	19.00	35.00	-0.50	323.7001
9.00	19.00	35.00	-0.50	327.1696
11.00	19.00	35.00	-0.50	331.3325
13.00	19.00	35.00	-0.50	336.0990
1.00	20.00	35.00	-0.50	337.5052
3.00	20.00	35.00	-0.50	338.5595
5.00	20.00	35.00	-0.50	340.6237
7.00	20.00	35.00	-0.50	343.6186
9.00	20.00	35.00	-0.50	347.4440
11.00	20.00	35.00	-0.50	351.9908
13.00	20.00	35.00	-0.50	357.1488
1.00	4.00	40.00	-0.50	21.3323
1.00	6.00	40.00	-0.50	50.2237
3.00	6.00	40.00	-0.50	51.8920
1.00	7.00	40.00	-0.50	69.3496
3.00	7.00	40.00	-0.50	70.5600
5.00	7.00	40.00	-0.50	72.8590
1.00	8.00	40.00	-0.50	91.0375
3.00	8.00	40.00	-0.50	91.9399
5.00	8.00	40.00	-0.50	93.6689
1.00	9.00	40.00	-0.50	114.2728
3.00	9.00	40.00	-0.50	114.9708
5.00	9.00	40.00	-0.50	116.3325
7.00	9.00	40.00	-0.50	118.3617
1.00	10.00	40.00	-0.50	138.0131
3.00	10.00	40.00	-0.50	138.5837
5.00	10.00	40.00	-0.50	139.7088
7.00	10.00	40.00	-0.50	141.3592
9.00	10.00	40.00	-0.50	143.4970
1.00	11.00	40.00	-0.50	161.6212
3.00	11.00	40.00	-0.50	162.1188
5.00	11.00	40.00	-0.50	163.1064
7.00	11.00	40.00	-0.50	164.5698
9.00	11.00	40.00	-0.50	166.4896
11.00	11.00	40.00	-0.50	168.8566
1.00	12.00	40.00	-0.50	184.8397
3.00	12.00	40.00	-0.50	185.3017
5.00	12.00	40.00	-0.50	186.2220
7.00	12.00	40.00	-0.50	187.5937
9.00	12.00	40.00	-0.50	189.4070
11.00	12.00	40.00	-0.50	191.6495
13.00	12.00	40.00	-0.50	194.6195
1.00	13.00	40.00	-0.50	207.6137
3.00	13.00	40.00	-0.50	208.0660
5.00	13.00	40.00	-0.50	208.9689
7.00	13.00	40.00	-0.50	210.3191
9.00	13.00	40.00	-0.50	212.1111
11.00	13.00	40.00	-0.50	214.3378
13.00	13.00	40.00	-0.50	216.9923
1.00	14.00	40.00	-0.50	229.9690
3.00	14.00	40.00	-0.50	230.4311
5.00	14.00	40.00	-0.50	231.3541
7.00	14.00	40.00	-0.50	232.7360
9.00	14.00	40.00	-0.50	234.5729
11.00	14.00	40.00	-0.50	236.8588
13.00	14.00	40.00	-0.50	239.5841
1.00	15.00	40.00	-0.50	251.9560
3.00	15.00	40.00	-0.50	252.4433
5.00	15.00	40.00	-0.50	253.4166
7.00	15.00	40.00	-0.50	254.8732
9.00	15.00	40.00	-0.50	256.8083
11.00	15.00	40.00	-0.50	259.2143
13.00	15.00	40.00	-0.50	262.0795
1.00	16.00	40.00	-0.50	273.6275
3.00	16.00	40.00	-0.50	274.1532
5.00	16.00	40.00	-0.50	275.2024
7.00	16.00	40.00	-0.50	276.7701
9.00	16.00	40.00	-0.50	278.8483
11.00	16.00	40.00	-0.50	281.4253
13.00	16.00	40.00	-0.50	284.4843
1.00	17.00	40.00	-0.50	295.0310
3.00	17.00	40.00	-0.50	295.6072
5.00	17.00	40.00	-0.50	296.7552
7.00	17.00	40.00	-0.50	298.4662
9.00	17.00	40.00	-0.50	300.7268
11.00	17.00	40.00	-0.50	303.5182
13.00	17.00	40.00	-0.50	306.8161
1.00	18.00	40.00	-0.50	316.2072
3.00	18.00	40.00	-0.50	316.8451
5.00	18.00	40.00	-0.50	318.1133
7.00	18.00	40.00	-0.50	319.9971
9.00	18.00	40.00	-0.50	322.4749
11.00	18.00	40.00	-0.50	325.5184
13.00	18.00	40.00	-0.50	329.0930
1.00	19.00	40.00	-0.50	337.1900
3.00	19.00	40.00	-0.50	337.9004
5.00	19.00	40.00	-0.50	339.3093
7.00	19.00	40.00	-0.50	341.3934
9.00	19.00	40.00	-0.50	344.1200
11.00	19.00	40.00	-0.50	347.4484
13.00	19.00	40.00	-0.50	351.3315
1.00	20.00	40.00	-0.50	358.0074
3.00	20.00	40.00	-0.50	358.8012
5.00	20.00	40.00	-0.50	360.3705
7.00	20.00	40.00	-0.50	362.6809
9.00	20.00	40.00	-0.50	365.6851
11.00	20.00	40.00	-0.50	369.3271
13.00	20.00	40.00	-0.50	373.5451
1.00	4.00	45.00	-0.50	21.3323
1.00	6.00	45.00	-0.50	50.2273
3.00	6.00	45.00	-0.50	51.8964
1.00	7.00	45.00	-0.50	69.4138
3.00	7.00	45.00	-0.50	70.6283
5.00	7.00	45.00	-0.50	72.9863
1.00	8.00	45.00	-0.50	91.4222
3.00	8.00	45.00	-0.50	92.3308
5.00	8.00	45.00	-0.50	94.0706
1.00	9.00	45.00	-0.50	115.4682
3.00	9.00	45.00	-0.50	116.1675
5.00	9.00	45.00	-0.50	117.5302
7.00	9.00	45.00	-0.50	119.5591
1.00	10.00	45.00	-0.50	140.5009
3.00	10.00	45.00	-0.50	141.0622
5.00	10.00	45.00	-0.50	142.1675
7.00	10.00	45.00	-0.50	143.7857
9.00	10.00	45.00	-0.50	145.8758
1.00	11.00	45.00	-0.50	165.6963
3.00	11.00	45.00	-0.50	166.1722
5.00	11.00	45.00	-0.50	167.1155
7.00	11.00	45.00	-0.50	168.5105
9.00	11.00	45.00	-0.50	170.3358
11.00	11.00	45.00	-0.50	172.7730
1.00	12.00	45.00	-0.50	190.6241
3.00	12.00	45.00	-0.50	191.0517
5.00	12.00	45.00	-0.50	191.9027
7.00	12.00	45.00	-0.50	193.1691
9.00	12.00	45.00	-0.50	194.8399
11.00	12.00	45.00	-0.50	196.9247
13.00	12.00	45.00	-0.50	199.4087
1.00	13.00	45.00	-0.50	215.1300
3.00	13.00	45.00	-0.50	215.5352
5.00	13.00	45.00	-0.50	216.3436
7.00	13.00	45.00	-0.50	217.5513
9.00	13.00	45.00	-0.50	219.1525
11.00	13.00	45.00	-0.50	221.1397
13.00	13.00	45.00	-0.50	223.5039
1.00	14.00	45.00	-0.50	239.1944
3.00	14.00	45.00	-0.50	239.5961
5.00	14.00	45.00	-0.50	240.3985
7.00	14.00	45.00	-0.50	241.5995
9.00	14.00	45.00	-0.50	243.1960
11.00	14.00	45.00	-0.50	245.1834
13.00	14.00	45.00	-0.50	247.5554
1.00	15.00	45.00	-0.50	262.8508
3.00	15.00	45.00	-0.50	263.2635
5.00	15.00	45.00	-0.50	264.0881
7.00	15.00	45.00	-0.50	265.3231
9.00	15.00	45.00	-0.50	266.9662
11.00	15.00	45.00	-0.50	269.0133
13.00	15.00	45.00	-0.50	271.4586
1.00	16.00	45.00	-0.50	286.1482
3.00	16.00	45.00	-0.50	286.5836
5.00	16.00	45.00	-0.50	287.4537
7.00	16.00	45.00	-0.50	288.7562
9.00	16.00	45.00	-0.50	290.4881
11.00	16.00	45.00	-0.50	292.6440
13.00	16.00	45.00	-0.50	295.2166
1.00	17.00	45.00	-0.50	309.1357
3.00	17.00	45.00	-0.50	309.6043
5.00	17.00	45.00	-0.50	310.5399
7.00	17.00	45.00	-0.50	311.9389
9.00	17.00	45.00	-0.50	313.7957
11.00	17.00	45.00	-0.50	316.1024
13.00	17.00	45.00	-0.50	318.8477
1.00	18.00	45.00	-0.50	331.8576
3.00	18.00	45.00	-0.50	332.3688
5.00	18.00	45.00	-0.50	333.3882
7.00	18.00	45.00	-0.50	334.9096
9.00	18.00	45.00	-0.50	336.9237
11.00	18.00	45.00	-0.50	339.4176
13.00	18.00	45.00	-0.50	342.3747
1.00	19.00	45.00	-0.50	354.3520
3.00	19.00	45.00	-0.50	354.9147
5.00	19.00	45.00	-0.50	356.0351
7.00	19.00	45.00	-0.50	357.7030
9.00	19.00	45.00	-0.50	359.9036
11.00	19.00	45.00	-0.50	362.6171
13.00	19.00	45.00	-0.50	365.8198
1.00	20.00	45.00	-0.50	376.6509
3.00	20.00	45.00	-0.50	377.2739
5.00	20.00	45.00	-0.50	378.5118
7.00	20.00	45.00	-0.50	380.3489
9.00	20.00	45.00	-0.50	382.7628
11.00	20.00	45.00	-0.50	385.7252
13.00	20.00	45.00	-0.50	389.2028
1.00	4.00	50.00	-0.50	21.3323
1.00	6.00	50.00	-0.50	50.2283
3.00	6.00	50.00	-0.50	51.8977
1.00	7.00	50.00	-0.50	69.4400
3.00	7.00	50.00	-0.50	70.6566
5.00	7.00	50.00	-0.50	72.9947
1.00	8.00	50.00	-0.50	91.6225
3.00	8.00	50.00	-0.50	92.5359
5.00	8.00	50.00	-0.50	94.2844
1.00	9.00	50.00	-0.50	116.2120
3.00	9.00	50.00	-0.50	116.9150
5.00	9.00	50.00	-0.50	118.2840
7.00	9.00	50.00	-0.50	120.3147
1.00	10.00	50.00	-0.50	142.2558
3.00	10.00	50.00	-0.50	142.8145
5.00	10.00	50.00	-0.50	143.9138
7.00	10.00	50.00	-0.50	145.5209
9.00	10.00	50.00	-0.50	147.6365
1.00	11.00	50.00	-0.50	168.8220
3.00	11.00	50.00	-0.50	169.2863
5.00	11.00	50.00	-0.50	170.2060
7.00	11.00	50.00	-0.50	171.5640
9.00	11.00	50.00	-0.50	173.3373
11.00	11.00	50.00	-0.50	175.4990
1.00	12.00	50.00	-0.50	195.3116
3.00	12.00	50.00	-0.50	195.7181
5.00	12.00	50.00	-0.50	196.5266
7.00	12.00	50.00	-0.50	197.7281
9.00	12.00	50.00	-0.50	199.3105
11.00	12.00	50.00	-0.50	201.2594
13.00	12.00	50.00	-0.50	203.6007
1.00	13.00	50.00	-0.50	221.4482
3.00	13.00	50.00	-0.50	221.8228
5.00	13.00	50.00	-0.50	222.5698
7.00	13.00	50.00	-0.50	223.6845
9.00	13.00	50.00	-0.50	225.1606
11.00	13.00	50.00	-0.50	226.9897
13.00	13.00	50.00	-0.50	229.1624
1.00	14.00	50.00	-0.50	247.1468
3.00	14.00	50.00	-0.50	247.5082
5.00	14.00	50.00	-0.50	248.2299
7.00	14.00	50.00	-0.50	249.3095
9.00	14.00	50.00	-0.50	250.7437
11.00	14.00	50.00	-0.50	252.5277
13.00	14.00	50.00	-0.50	254.6561
1.00	15.00	50.00	-0.50	272.4115
3.00	15.00	50.00	-0.50	272.7737
5.00	15.00	50.00	-0.50	273.4974
7.00	15.00	50.00	-0.50	274.5814
9.00	15.00	50.00	-0.50	276.0236
11.00	15.00	50.00	-0.50	277.8212
13.00	15.00	50.00	-0.50	279.9702
1.00	16.00	50.00	-0.50	297.2804
3.00	16.00	50.00	-0.50	297.6544
5.00	16.00	50.00	-0.50	298.4019
7.00	16.00	50.00	-0.50	299.5218
9.00	16.00	50.00	-0.50	301.0125
11.00	16.00	50.00	-0.50	302.8711
13.00	16.00	50.00	-0.50	305.0937
1.00	17.00	50.00	-0.50	321.8005
3.00	17.00	50.00	-0.50	322.1956
5.00	17.00	50.00	-0.50	322.9852
7.00	17.00	50.00	-0.50	324.1677
9.00	17.00	50.00	-0.50	325.7406
11.00	17.00	50.00	-0.50	327.7002
13.00	17.00	50.00	-0.50	330.0412
1.00	18.00	50.00	-0.50	346.0179
3.00	18.00	50.00	-0.50	346.4425
5.00	18.00	50.00	-0.50	347.2902
7.00	18.00	50.00	-0.50	348.5586
9.00	18.00	50.00	-0.50	350.2434
11.00	18.00	50.00	-0.50	352.3385
13.00	18.00	50.00	-0.50	354.8361
1.00	19.00	50.00	-0.50	369.9738
3.00	19.00	50.00	-0.50	370.4354
5.00	19.00	50.00	-0.50	371.3562
7.00	19.00	50.00	-0.50	372.7317
9.00	19.00	50.00	-0.50	374.5550
11.00	19.00	50.00	-0.50	376.8165
13.00	19.00	50.00	-0.50	379.5043
1.00	20.00	50.00	-0.50	393.7038
3.00	20.00	50.00	-0.50	394.2096
5.00	20.00	50.00	-0.50	395.2175
7.00	20.00	50.00	-0.50	396.7201
9.00	20.00	50.00	-0.50	398.7065
11.00	20.00	50.00	-0.50	401.1623
13.00	20.00	50.00	-0.50	404.0699
1.00	3.00	5.00	0.00	14.4019
1.00	5.00	5.00	0.00	30.7578
1.00	7.00	5.00	0.00	46.4238
1.00	8.00	5.00	0.00	35.4421
3.00	9.00	5.00	0.00	68.7066
1.00	10.00	5.00	0.00	69.4387
3.00	10.00	5.00	0.00	77.4303
1.00	12.00	5.00	0.00	84.7460
3.00	12.00	5.00	0.00	94.8989
1.00	14.00	5.00	0.00	100.0648
3.00	14.00	5.00	0.00	112.3807
1.00	15.00	5.00	0.00	106.8963
3.00	15.00	5.00	0.00	113.4074
1.00	17.00	5.00	0.00	123.0576
3.00	17.00	5.00	0.00	119.4259
1.00	19.00	5.00	0.00	138.3894
3.00	19.00	5.00	0.00	156.1083
3.00	20.00	5.00	0.00	145.2846
1.00	3.00	10.00	0.00	14.6984
1.00	4.00	10.00	0.00	25.0456
1.00	6.00	10.00	0.00	48.6117
3.00	6.00	10.00	0.00	50.3263
1.00	7.00	10.00	0.00	60.0340
3.00	7.00	10.00	0.00	61.8316
1.00	8.00	10.00	0.00	71.1473
3.00	8.00	10.00	0.00	73.2213
1.00	9.00	10.00	0.00	82.0351
3.00	9.00	10.00	0.00	84.5292
5.00	9.00	10.00	0.00	88.9983
1.00	10.00	10.00	0.00	92.7634
3.00	10.00	10.00	0.00	95.7929
5.00	10.00	10.00	0.00	100.9333
1.00	11.00	10.00	0.00	103.3792
3.00	11.00	10.00	0.00	107.0383
5.00	11.00	10.00	0.00	112.9018
1.00	12.00	10.00	0.00	113.9155
3.00	12.00	10.00	0.00	118.2800
5.00	12.00	10.00	0.00	124.8943
1.00	13.00	10.00	0.00	124.3957
3.00	13.00	10.00	0.00	129.5250
5.00	13.00	10.00	0.00	136.9030
1.00	14.00	10.00	0.00	134.8366
3.00	14.00	10.00	0.00	140.7758
5.00	14.00	10.00	0.00	148.9224
1.00	15.00	10.00	0.00	145.2506
3.00	15.00	10.00	0.00	152.0324
5.00	15.00	10.00	0.00	160.9486
1.00	17.00	10.00	0.00	166.0307
3.00	17.00	10.00	0.00	174.5594
5.00	17.00	10.00	0.00	185.0125
3.00	18.00	10.00	0.00	150.9769
5.00	18.00	10.00	0.00	160.7190
1.00	19.00	10.00	0.00	186.7811
3.00	19.00	10.00	0.00	197.0971
5.00	19.00	10.00	0.00	209.0836
3.00	20.00	10.00	0.00	174.0297
5.00	20.00	10.00	0.00	184.1052
1.00	3.00	15.00	0.00	14.7060
1.00	5.00	15.00	0.00	38.6887
1.00	6.00	15.00	0.00	53.2331
3.00	6.00	15.00	0.00	54.5936
1.00	7.00	15.00	0.00	67.7581
3.00	7.00	15.00	0.00	68.9322
1.00	8.00	15.00	0.00	81.9158
3.00	8.00	15.00	0.00	83.0752
5.00	8.00	15.00	0.00	85.3697
1.00	9.00	15.00	0.00	95.7087
3.00	9.00	15.00	0.00	96.9669
5.00	9.00	15.00	0.00	99.4509
1.00	10.00	15.00	0.00	109.2084
3.00	10.00	15.00	0.00	110.6509
5.00	10.00	15.00	0.00	113.4596
1.00	11.00	15.00	0.00	122.4831
3.00	11.00	15.00	0.00	124.1824
5.00	11.00	15.00	0.00	127.4197
7.00	11.00	15.00	0.00	131.9018
1.00	12.00	15.00	0.00	135.5860
3.00	12.00	15.00	0.00	137.6075
5.00	12.00	15.00	0.00	141.3547
7.00	12.00	15.00	0.00	146.3834
1.00	13.00	15.00	0.00	148.5571
3.00	13.00	15.00	0.00	150.9610
5.00	13.00	15.00	0.00	155.2811
7.00	13.00	15.00	0.00	160.8949
9.00	13.00	15.00	0.00	167.0861
1.00	14.00	15.00	0.00	161.4261
3.00	14.00	15.00	0.00	164.2685
5.00	14.00	15.00	0.00	169.2086
7.00	14.00	15.00	0.00	175.4305
9.00	14.00	15.00	0.00	182.1572
1.00	15.00	15.00	0.00	174.2154
3.00	15.00	15.00	0.00	177.5480
5.00	15.00	15.00	0.00	183.1423
7.00	15.00	15.00	0.00	189.9845
9.00	15.00	15.00	0.00	197.2366
1.00	16.00	15.00	0.00	186.9422
3.00	16.00	15.00	0.00	190.8118
5.00	16.00	15.00	0.00	197.0836
7.00	16.00	15.00	0.00	204.5523
9.00	16.00	15.00	0.00	212.3351
1.00	17.00	15.00	0.00	199.6197
3.00	17.00	15.00	0.00	204.0680
5.00	17.00	15.00	0.00	211.0325
7.00	17.00	15.00	0.00	219.1300
9.00	17.00	15.00	0.00	227.4458
1.00	18.00	15.00	0.00	212.2583
3.00	18.00	15.00	0.00	217.3220
5.00	18.00	15.00	0.00	224.9880
7.00	18.00	15.00	0.00	233.7146
9.00	18.00	15.00	0.00	242.5653
1.00	19.00	15.00	0.00	224.8661
3.00	19.00	15.00	0.00	230.5768
5.00	19.00	15.00	0.00	238.9488
7.00	19.00	15.00	0.00	248.3040
9.00	19.00	15.00	0.00	257.6912
1.00	20.00	15.00	0.00	237.4498
3.00	20.00	15.00	0.00	243.8340
5.00	20.00	15.00	0.00	252.9136
7.00	20.00	15.00	0.00	262.8966
1.00	3.00	20.00	0.00	14.7031
1.00	5.00	20.00	0.00	39.1454
3.00	5.00	20.00	0.00	40.9927
1.00	6.00	20.00	0.00	55.2025
3.00	6.00	20.00	0.00	56.5162
1.00	7.00	20.00	0.00	72.0912
3.00	7.00	20.00	0.00	73.1113
5.00	7.00	20.00	0.00	75.2067
1.00	8.00	20.00	0.00	88.8816
3.00	8.00	20.00	0.00	89.7720
5.00	8.00	20.00	0.00	91.5239
1.00	9.00	20.00	0.00	105.2948
3.00	9.00	20.00	0.00	106.1604
5.00	9.00	20.00	0.00	107.8809
7.00	9.00	20.00	0.00	110.4305
1.00	10.00	20.00	0.00	121.3236
3.00	10.00	20.00	0.00	122.2355
5.00	10.00	20.00	0.00	124.0503
7.00	10.00	20.00	0.00	126.7420
1.00	11.00	20.00	0.00	137.0283
3.00	11.00	20.00	0.00	138.0406
5.00	11.00	20.00	0.00	140.0453
7.00	11.00	20.00	0.00	142.9957
1.00	12.00	20.00	0.00	152.4730
3.00	12.00	20.00	0.00	153.6314
5.00	12.00	20.00	0.00	155.9044
7.00	12.00	20.00	0.00	159.2034
9.00	12.00	20.00	0.00	163.3963
1.00	13.00	20.00	0.00	167.7112
3.00	13.00	20.00	0.00	169.0577
5.00	13.00	20.00	0.00	171.6656
7.00	13.00	20.00	0.00	175.3838
9.00	13.00	20.00	0.00	180.0110
1.00	14.00	20.00	0.00	182.7853
3.00	14.00	20.00	0.00	184.3595
5.00	14.00	20.00	0.00	187.3605
7.00	14.00	20.00	0.00	191.5524
9.00	14.00	20.00	0.00	196.6623
11.00	14.00	20.00	0.00	202.3606
1.00	15.00	20.00	0.00	197.7276
3.00	15.00	20.00	0.00	199.5679
5.00	15.00	20.00	0.00	203.0130
7.00	15.00	20.00	0.00	207.7200
9.00	15.00	20.00	0.00	213.3396
11.00	15.00	20.00	0.00	219.5067
1.00	16.00	20.00	0.00	212.5634
3.00	16.00	20.00	0.00	214.7073
5.00	16.00	20.00	0.00	218.6403
7.00	16.00	20.00	0.00	223.8928
9.00	16.00	20.00	0.00	230.0389
11.00	16.00	20.00	0.00	236.6714
1.00	17.00	20.00	0.00	227.3124
3.00	17.00	20.00	0.00	229.7963
5.00	17.00	20.00	0.00	234.2544
7.00	17.00	20.00	0.00	240.0737
9.00	17.00	20.00	0.00	246.7564
11.00	17.00	20.00	0.00	253.8668
1.00	18.00	20.00	0.00	241.9901
3.00	18.00	20.00	0.00	244.8492
5.00	18.00	20.00	0.00	249.8632
7.00	18.00	20.00	0.00	256.2638
9.00	18.00	20.00	0.00	263.4883
11.00	18.00	20.00	0.00	271.0797
1.00	19.00	20.00	0.00	256.6090
3.00	19.00	20.00	0.00	259.8769
5.00	19.00	20.00	0.00	265.4717
7.00	19.00	20.00	0.00	272.4624
9.00	19.00	20.00	0.00	280.2312
11.00	19.00	20.00	0.00	288.3055
1.00	20.00	20.00	0.00	271.1790
3.00	20.00	20.00	0.00	274.8878
5.00	20.00	20.00	0.00	281.0826
7.00	20.00	20.00	0.00	288.6686
9.00	20.00	20.00	0.00	296.9825
11.00	20.00	20.00	0.00	305.5408
1.00	3.00	25.00	0.00	14.7039
1.00	5.00	25.00	0.00	39.2442
1.00	6.00	25.00	0.00	55.9582
3.00	6.00	25.00	0.00	57.2798
1.00	7.00	25.00	0.00	74.4077
3.00	7.00	25.00	0.00	75.3930
5.00	7.00	25.00	0.00	77.2710
1.00	8.00	25.00	0.00	93.3432
3.00	8.00	25.00	0.00	94.1404
5.00	8.00	25.00	0.00	95.6980
1.00	9.00	25.00	0.00	112.0865
3.00	9.00	25.00	0.00	112.7978
5.00	9.00	25.00	0.00	114.2061
7.00	9.00	25.00	0.00	116.3018
1.00	10.00	25.00	0.00	130.4396
3.00	10.00	25.00	0.00	131.1322
5.00	10.00	25.00	0.00	132.5117
7.00	10.00	25.00	0.00	134.5660
9.00	10.00	25.00	0.00	137.3309
1.00	11.00	25.00	0.00	148.4016
3.00	11.00	25.00	0.00	149.1224
5.00	11.00	25.00	0.00	150.5601
7.00	11.00	25.00	0.00	152.7045
9.00	11.00	25.00	0.00	155.5332
1.00	12.00	25.00	0.00	166.0260
3.00	12.00	25.00	0.00	166.8115
5.00	12.00	25.00	0.00	168.3748
7.00	12.00	25.00	0.00	170.6983
9.00	12.00	25.00	0.00	173.7483
11.00	12.00	25.00	0.00	177.4774
1.00	13.00	25.00	0.00	183.3721
3.00	13.00	25.00	0.00	184.2532
5.00	13.00	25.00	0.00	185.9987
7.00	13.00	25.00	0.00	188.5736
9.00	13.00	25.00	0.00	191.9222
11.00	13.00	25.00	0.00	195.9599
1.00	14.00	25.00	0.00	200.4913
3.00	14.00	25.00	0.00	201.4965
5.00	14.00	25.00	0.00	203.4739
7.00	14.00	25.00	0.00	206.3610
9.00	14.00	25.00	0.00	210.0693
11.00	14.00	25.00	0.00	214.4827
1.00	15.00	25.00	0.00	217.4256
3.00	15.00	25.00	0.00	218.5818
5.00	15.00	25.00	0.00	220.8366
7.00	15.00	25.00	0.00	224.0875
9.00	15.00	25.00	0.00	228.2033
11.00	15.00	25.00	0.00	233.0318
13.00	15.00	25.00	0.00	238.3861
1.00	16.00	25.00	0.00	234.2084
3.00	16.00	25.00	0.00	235.5421
5.00	16.00	25.00	0.00	238.1161
7.00	16.00	25.00	0.00	241.7745
9.00	16.00	25.00	0.00	246.3349
11.00	16.00	25.00	0.00	251.6058
13.00	16.00	25.00	0.00	257.3696
1.00	17.00	25.00	0.00	250.8661
3.00	17.00	25.00	0.00	252.4034
5.00	17.00	25.00	0.00	255.3354
7.00	17.00	25.00	0.00	259.4382
9.00	17.00	25.00	0.00	264.4708
11.00	17.00	25.00	0.00	270.2028
13.00	17.00	25.00	0.00	276.3967
1.00	18.00	25.00	0.00	267.4198
3.00	18.00	25.00	0.00	269.1867
5.00	18.00	25.00	0.00	272.5124
7.00	18.00	25.00	0.00	277.0898
9.00	18.00	25.00	0.00	282.6148
11.00	18.00	25.00	0.00	288.8199
13.00	18.00	25.00	0.00	295.4488
1.00	19.00	25.00	0.00	283.8863
3.00	19.00	25.00	0.00	285.9088
5.00	19.00	25.00	0.00	289.6607
7.00	19.00	25.00	0.00	294.7370
9.00	19.00	25.00	0.00	300.7685
11.00	19.00	25.00	0.00	307.4542
13.00	19.00	25.00	0.00	314.5223
1.00	20.00	25.00	0.00	300.2793
3.00	20.00	25.00	0.00	302.5832
5.00	20.00	25.00	0.00	306.7904
7.00	20.00	25.00	0.00	312.3848
9.00	20.00	25.00	0.00	318.9320
11.00	20.00	25.00	0.00	326.1024
13.00	20.00	25.00	0.00	333.6125
1.00	3.00	30.00	0.00	14.7013
1.00	5.00	30.00	0.00	39.2646
3.00	6.00	30.00	0.00	57.5589
1.00	7.00	30.00	0.00	75.5761
3.00	7.00	30.00	0.00	76.5607
5.00	7.00	30.00	0.00	78.4300
1.00	8.00	30.00	0.00	96.1220
3.00	8.00	30.00	0.00	96.8883
5.00	8.00	30.00	0.00	98.3788
7.00	8.00	30.00	0.00	100.7139
1.00	9.00	30.00	0.00	116.8646
3.00	9.00	30.00	0.00	117.5092
5.00	9.00	30.00	0.00	118.7804
7.00	9.00	30.00	0.00	120.6723
1.00	10.00	30.00	0.00	137.3335
3.00	10.00	30.00	0.00	137.9223
5.00	10.00	30.00	0.00	139.0924
7.00	10.00	30.00	0.00	140.8297
9.00	10.00	30.00	0.00	143.1140
1.00	11.00	30.00	0.00	157.4009
3.00	11.00	30.00	0.00	157.9786
5.00	11.00	30.00	0.00	159.1310
7.00	11.00	30.00	0.00	160.8513
9.00	11.00	30.00	0.00	163.1286
11.00	11.00	30.00	0.00	165.9790
1.00	12.00	30.00	0.00	177.0765
3.00	12.00	30.00	0.00	177.6756
5.00	12.00	30.00	0.00	178.8716
7.00	12.00	30.00	0.00	180.6594
9.00	12.00	30.00	0.00	183.0289
11.00	12.00	30.00	0.00	185.9650
1.00	13.00	30.00	0.00	196.4103
3.00	13.00	30.00	0.00	197.0565
5.00	13.00	30.00	0.00	198.3451
7.00	13.00	30.00	0.00	200.2674
9.00	13.00	30.00	0.00	202.8077
11.00	13.00	30.00	0.00	205.9399
13.00	13.00	30.00	0.00	209.6194
1.00	14.00	30.00	0.00	215.4570
3.00	14.00	30.00	0.00	216.1725
5.00	14.00	30.00	0.00	217.5951
7.00	14.00	30.00	0.00	219.7081
9.00	14.00	30.00	0.00	222.4839
11.00	14.00	30.00	0.00	225.8827
13.00	14.00	30.00	0.00	229.8461
1.00	15.00	30.00	0.00	234.2655
3.00	15.00	30.00	0.00	235.0704
5.00	15.00	30.00	0.00	236.6645
7.00	15.00	30.00	0.00	239.0168
9.00	15.00	30.00	0.00	242.0820
11.00	15.00	30.00	0.00	245.8007
13.00	15.00	30.00	0.00	250.0982
1.00	16.00	30.00	0.00	252.8761
3.00	16.00	30.00	0.00	253.7899
5.00	16.00	30.00	0.00	255.5900
7.00	16.00	30.00	0.00	258.2250
9.00	16.00	30.00	0.00	261.6250
11.00	16.00	30.00	0.00	265.7058
13.00	16.00	30.00	0.00	270.3690
1.00	17.00	30.00	0.00	271.3220
3.00	17.00	30.00	0.00	272.3637
5.00	17.00	30.00	0.00	274.4025
7.00	17.00	30.00	0.00	277.3591
9.00	17.00	30.00	0.00	281.1319
11.00	17.00	30.00	0.00	285.6077
13.00	17.00	30.00	0.00	290.6654
1.00	18.00	30.00	0.00	289.6298
3.00	18.00	30.00	0.00	290.8182
5.00	18.00	30.00	0.00	293.1271
7.00	18.00	30.00	0.00	296.4401
9.00	18.00	30.00	0.00	300.6172
11.00	18.00	30.00	0.00	305.5134
13.00	18.00	30.00	0.00	310.9843
1.00	19.00	30.00	0.00	307.8212
3.00	19.00	30.00	0.00	309.1752
5.00	19.00	30.00	0.00	311.7840
7.00	19.00	30.00	0.00	315.4844
9.00	19.00	30.00	0.00	320.0916
11.00	19.00	30.00	0.00	325.4270
13.00	19.00	30.00	0.00	331.3239
1.00	20.00	30.00	0.00	325.9136
3.00	20.00	30.00	0.00	327.4524
5.00	20.00	30.00	0.00	330.3896
7.00	20.00	30.00	0.00	334.5045
9.00	20.00	30.00	0.00	339.5624
11.00	20.00	30.00	0.00	345.3505
13.00	20.00	30.00	0.00	351.6820
1.00	3.00	35.00	0.00	14.7058
1.00	4.00	35.00	0.00	15.1831
1.00	5.00	35.00	0.00	20.6104
3.00	6.00	35.00	0.00	57.6563
1.00	7.00	35.00	0.00	76.1363
3.00	7.00	35.00	0.00	77.1278
5.00	7.00	35.00	0.00	79.0068
1.00	8.00	35.00	0.00	97.7944
3.00	8.00	35.00	0.00	98.5539
5.00	8.00	35.00	0.00	100.0274
7.00	8.00	35.00	0.00	102.1381
1.00	9.00	35.00	0.00	120.1711
3.00	9.00	35.00	0.00	120.7871
5.00	9.00	35.00	0.00	121.9986
7.00	9.00	35.00	0.00	123.7689
9.00	9.00	35.00	0.00	126.1411
1.00	10.00	35.00	0.00	142.5248
3.00	10.00	35.00	0.00	143.0612
5.00	10.00	35.00	0.00	144.1247
7.00	10.00	35.00	0.00	145.6982
9.00	10.00	35.00	0.00	147.7862
1.00	11.00	35.00	0.00	164.5441
3.00	11.00	35.00	0.00	165.0449
5.00	11.00	35.00	0.00	166.0424
7.00	11.00	35.00	0.00	167.5288
9.00	11.00	35.00	0.00	169.4931
1.00	12.00	35.00	0.00	186.1548
3.00	12.00	35.00	0.00	186.6510
5.00	12.00	35.00	0.00	187.6414
7.00	12.00	35.00	0.00	189.1224
9.00	12.00	35.00	0.00	191.0878
11.00	12.00	35.00	0.00	193.5278
13.00	12.00	35.00	0.00	196.4920
1.00	13.00	35.00	0.00	207.3769
3.00	13.00	35.00	0.00	207.8915
5.00	13.00	35.00	0.00	208.9196
7.00	13.00	35.00	0.00	210.4580
9.00	13.00	35.00	0.00	212.5011
11.00	13.00	35.00	0.00	215.0391
13.00	13.00	35.00	0.00	218.0589
1.00	14.00	35.00	0.00	228.2582
3.00	14.00	35.00	0.00	228.8103
5.00	14.00	35.00	0.00	229.9123
7.00	14.00	35.00	0.00	231.5591
9.00	14.00	35.00	0.00	233.7419
11.00	14.00	35.00	0.00	236.4467
13.00	14.00	35.00	0.00	239.6597
1.00	15.00	35.00	0.00	248.8497
3.00	15.00	35.00	0.00	249.4557
5.00	15.00	35.00	0.00	250.6630
7.00	15.00	35.00	0.00	252.4618
9.00	15.00	35.00	0.00	254.8367
11.00	15.00	35.00	0.00	257.7651
13.00	15.00	35.00	0.00	261.2160
1.00	16.00	35.00	0.00	269.1973
3.00	16.00	35.00	0.00	269.8723
5.00	16.00	35.00	0.00	271.2134
7.00	16.00	35.00	0.00	273.2030
9.00	16.00	35.00	0.00	275.8150
11.00	16.00	35.00	0.00	279.0146
13.00	16.00	35.00	0.00	282.7579
1.00	17.00	35.00	0.00	289.3395
3.00	17.00	35.00	0.00	290.0980
5.00	17.00	35.00	0.00	291.5997
7.00	17.00	35.00	0.00	293.8155
9.00	17.00	35.00	0.00	296.7041
11.00	17.00	35.00	0.00	300.2147
13.00	17.00	35.00	0.00	304.2877
1.00	18.00	35.00	0.00	309.3085
3.00	18.00	35.00	0.00	310.1647
5.00	18.00	35.00	0.00	311.8526
7.00	18.00	35.00	0.00	314.3271
9.00	18.00	35.00	0.00	317.5273
11.00	18.00	35.00	0.00	321.3823
13.00	18.00	35.00	0.00	325.8144
1.00	19.00	35.00	0.00	329.1304
3.00	19.00	35.00	0.00	330.0984
5.00	19.00	35.00	0.00	331.9975
7.00	19.00	35.00	0.00	334.7611
9.00	19.00	35.00	0.00	338.3036
11.00	19.00	35.00	0.00	342.5305
13.00	19.00	35.00	0.00	347.3446
1.00	20.00	35.00	0.00	348.8270
3.00	20.00	35.00	0.00	349.9210
5.00	20.00	35.00	0.00	352.0555
7.00	20.00	35.00	0.00	355.1361
9.00	20.00	35.00	0.00	359.0477
11.00	20.00	35.00	0.00	363.6691
13.00	20.00	35.00	0.00	368.8825
1.00	3.00	40.00	0.00	14.7053
1.00	5.00	40.00	0.00	39.2695
3.00	5.00	40.00	0.00	41.1020
1.00	7.00	40.00	0.00	76.3954
3.00	7.00	40.00	0.00	77.3932
5.00	7.00	40.00	0.00	79.2827
1.00	8.00	40.00	0.00	98.7680
3.00	8.00	40.00	0.00	99.5296
5.00	8.00	40.00	0.00	101.0048
7.00	8.00	40.00	0.00	103.1121
1.00	9.00	40.00	0.00	122.4121
3.00	9.00	40.00	0.00	123.0174
5.00	9.00	40.00	0.00	124.2058
7.00	9.00	40.00	0.00	125.9372
9.00	9.00	40.00	0.00	128.2065
1.00	10.00	40.00	0.00	146.3959
3.00	10.00	40.00	0.00	146.9055
5.00	10.00	40.00	0.00	147.9143
7.00	10.00	40.00	0.00	149.4027
9.00	10.00	40.00	0.00	151.3971
11.00	10.00	40.00	0.00	153.7557
1.00	11.00	40.00	0.00	170.2010
3.00	11.00	40.00	0.00	170.6583
5.00	11.00	40.00	0.00	171.5679
7.00	11.00	40.00	0.00	172.9205
9.00	11.00	40.00	0.00	174.7031
11.00	11.00	40.00	0.00	176.8998
1.00	12.00	40.00	0.00	193.6310
3.00	12.00	40.00	0.00	194.0663
5.00	12.00	40.00	0.00	194.9347
7.00	12.00	40.00	0.00	196.2319
9.00	12.00	40.00	0.00	197.9513
11.00	12.00	40.00	0.00	200.1003
1.00	13.00	40.00	0.00	216.6503
3.00	13.00	40.00	0.00	217.0859
5.00	13.00	40.00	0.00	217.9559
7.00	13.00	40.00	0.00	219.2581
9.00	13.00	40.00	0.00	220.9888
11.00	13.00	40.00	0.00	223.1424
13.00	13.00	40.00	0.00	225.7102
1.00	14.00	40.00	0.00	239.2869
3.00	14.00	40.00	0.00	239.7398
5.00	14.00	40.00	0.00	240.6447
7.00	14.00	40.00	0.00	241.9995
9.00	14.00	40.00	0.00	243.8009
11.00	14.00	40.00	0.00	246.0429
13.00	14.00	40.00	0.00	248.7163
1.00	15.00	40.00	0.00	261.5872
3.00	15.00	40.00	0.00	262.0717
5.00	15.00	40.00	0.00	263.0391
7.00	15.00	40.00	0.00	264.4861
9.00	15.00	40.00	0.00	266.4071
11.00	15.00	40.00	0.00	268.7935
13.00	15.00	40.00	0.00	271.6324
1.00	16.00	40.00	0.00	283.5989
3.00	16.00	40.00	0.00	284.1275
5.00	16.00	40.00	0.00	285.1818
7.00	16.00	40.00	0.00	286.7553
9.00	16.00	40.00	0.00	288.8381
11.00	16.00	40.00	0.00	291.4162
13.00	16.00	40.00	0.00	294.4705
1.00	17.00	40.00	0.00	305.3647
3.00	17.00	40.00	0.00	305.9493
5.00	17.00	40.00	0.00	307.1126
7.00	17.00	40.00	0.00	308.8437
9.00	17.00	40.00	0.00	311.1257
11.00	17.00	40.00	0.00	313.9364
13.00	17.00	40.00	0.00	317.2479
1.00	18.00	40.00	0.00	326.9215
3.00	18.00	40.00	0.00	327.5730
5.00	18.00	40.00	0.00	328.8667
7.00	18.00	40.00	0.00	330.7841
9.00	18.00	40.00	0.00	333.2988
11.00	18.00	40.00	0.00	336.3778
13.00	18.00	40.00	0.00	339.9816
1.00	19.00	40.00	0.00	348.2997
3.00	19.00	40.00	0.00	349.0293
5.00	19.00	40.00	0.00	350.4736
7.00	19.00	40.00	0.00	352.6044
9.00	19.00	40.00	0.00	355.3825
11.00	19.00	40.00	0.00	358.7608
13.00	19.00	40.00	0.00	362.6864
1.00	20.00	40.00	0.00	369.5251
3.00	20.00	40.00	0.00	370.3437
5.00	20.00	40.00	0.00	371.9586
7.00	20.00	40.00	0.00	374.3284
9.00	20.00	40.00	0.00	377.3977
11.00	20.00	40.00	0.00	381.1024
13.00	20.00	40.00	0.00	385.3741
1.00	3.00	45.00	0.00	14.6831
1.00	4.00	45.00	0.00	25.3585
1.00	6.00	45.00	0.00	56.3576
3.00	6.00	45.00	0.00	57.7009
1.00	7.00	45.00	0.00	76.5126
3.00	7.00	45.00	0.00	77.5146
5.00	7.00	45.00	0.00	79.4116
1.00	8.00	45.00	0.00	99.3194
3.00	8.00	45.00	0.00	100.0854
5.00	8.00	45.00	0.00	101.5677
7.00	8.00	45.00	0.00	103.6886
1.00	9.00	45.00	0.00	123.8982
3.00	9.00	45.00	0.00	124.5014
5.00	9.00	45.00	0.00	125.6841
7.00	9.00	45.00	0.00	127.4040
9.00	9.00	45.00	0.00	129.6069
1.00	10.00	45.00	0.00	149.2455
3.00	10.00	45.00	0.00	149.7422
5.00	10.00	45.00	0.00	150.7241
7.00	10.00	45.00	0.00	152.1699
9.00	10.00	45.00	0.00	154.1324
11.00	10.00	45.00	0.00	156.6102
1.00	11.00	45.00	0.00	174.6550
3.00	11.00	45.00	0.00	175.0873
5.00	11.00	45.00	0.00	175.9462
7.00	11.00	45.00	0.00	177.2210
9.00	11.00	45.00	0.00	178.8972
11.00	11.00	45.00	0.00	180.9803
1.00	12.00	45.00	0.00	199.7815
3.00	12.00	45.00	0.00	200.1795
5.00	12.00	45.00	0.00	200.9727
7.00	12.00	45.00	0.00	202.1560
9.00	12.00	45.00	0.00	203.7218
11.00	12.00	45.00	0.00	205.6608
13.00	12.00	45.00	0.00	208.5050
1.00	13.00	45.00	0.00	224.5085
3.00	13.00	45.00	0.00	224.8939
5.00	13.00	45.00	0.00	225.6635
7.00	13.00	45.00	0.00	226.8146
9.00	13.00	45.00	0.00	228.3436
11.00	13.00	45.00	0.00	230.2451
13.00	13.00	45.00	0.00	232.5125
1.00	14.00	45.00	0.00	248.8276
3.00	14.00	45.00	0.00	249.2167
5.00	14.00	45.00	0.00	249.9943
7.00	14.00	45.00	0.00	251.1590
9.00	14.00	45.00	0.00	252.7084
11.00	14.00	45.00	0.00	254.6390
13.00	14.00	45.00	0.00	256.9455
1.00	15.00	45.00	0.00	272.7720
3.00	15.00	45.00	0.00	273.1778
5.00	15.00	45.00	0.00	273.9889
7.00	15.00	45.00	0.00	275.2038
9.00	15.00	45.00	0.00	276.8200
11.00	15.00	45.00	0.00	278.8338
13.00	15.00	45.00	0.00	281.2393
1.00	16.00	45.00	0.00	296.3866
3.00	16.00	45.00	0.00	296.8202
5.00	16.00	45.00	0.00	297.6863
7.00	16.00	45.00	0.00	298.9825
9.00	16.00	45.00	0.00	300.7048
11.00	16.00	45.00	0.00	302.8473
13.00	16.00	45.00	0.00	305.4015
1.00	17.00	45.00	0.00	319.7162
3.00	17.00	45.00	0.00	320.1875
5.00	17.00	45.00	0.00	321.1279
7.00	17.00	45.00	0.00	322.5328
9.00	17.00	45.00	0.00	324.3955
11.00	17.00	45.00	0.00	326.7061
13.00	17.00	45.00	0.00	329.4516
1.00	18.00	45.00	0.00	342.8008
3.00	18.00	45.00	0.00	343.3190
5.00	18.00	45.00	0.00	344.3515
7.00	18.00	45.00	0.00	345.8905
9.00	18.00	45.00	0.00	347.9244
11.00	18.00	45.00	0.00	350.4378
13.00	18.00	45.00	0.00	353.4114
1.00	19.00	45.00	0.00	365.6751
3.00	19.00	45.00	0.00	366.2491
5.00	19.00	45.00	0.00	367.3906
7.00	19.00	45.00	0.00	369.0872
9.00	19.00	45.00	0.00	371.3208
11.00	19.00	45.00	0.00	374.0682
13.00	19.00	45.00	0.00	377.3017
1.00	20.00	45.00	0.00	388.3682
3.00	20.00	45.00	0.00	389.0067
5.00	20.00	45.00	0.00	390.2739
7.00	20.00	45.00	0.00	392.1506
9.00	20.00	45.00	0.00	394.6101
11.00	20.00	45.00	0.00	397.6194
13.00	20.00	45.00	0.00	401.1407
1.00	3.00	50.00	0.00	14.7072
1.00	5.00	50.00	0.00	39.2697
3.00	6.00	50.00	0.00	57.7047
1.00	7.00	50.00	0.00	76.5649
3.00	7.00	50.00	0.00	77.5694
5.00	7.00	50.00	0.00	79.4711
1.00	8.00	50.00	0.00	99.6253
3.00	8.00	50.00	0.00	100.3953
5.00	8.00	50.00	0.00	101.8849
7.00	8.00	50.00	0.00	104.0691
1.00	9.00	50.00	0.00	124.8642
3.00	9.00	50.00	0.00	125.4688
5.00	9.00	50.00	0.00	126.6535
7.00	9.00	50.00	0.00	128.3742
9.00	9.00	50.00	0.00	130.5809
1.00	10.00	50.00	0.00	151.3136
3.00	10.00	50.00	0.00	151.8049
5.00	10.00	50.00	0.00	152.7753
7.00	10.00	50.00	0.00	154.2021
9.00	10.00	50.00	0.00	156.1334
11.00	10.00	50.00	0.00	158.3378
1.00	11.00	50.00	0.00	178.1338
3.00	11.00	50.00	0.00	178.5519
5.00	11.00	50.00	0.00	179.3820
7.00	11.00	50.00	0.00	180.6122
9.00	11.00	50.00	0.00	182.2266
11.00	11.00	50.00	0.00	184.2657
13.00	11.00	50.00	0.00	186.7899
1.00	12.00	50.00	0.00	204.8245
3.00	12.00	50.00	0.00	205.1991
5.00	12.00	50.00	0.00	205.9452
7.00	12.00	50.00	0.00	207.0568
9.00	12.00	50.00	0.00	208.5253
11.00	12.00	50.00	0.00	210.3403
13.00	12.00	50.00	0.00	212.4898
1.00	13.00	50.00	0.00	231.1661
3.00	13.00	50.00	0.00	231.5188
5.00	13.00	50.00	0.00	232.2225
7.00	13.00	50.00	0.00	233.2742
9.00	13.00	50.00	0.00	234.6696
11.00	13.00	50.00	0.00	236.4029
13.00	13.00	50.00	0.00	238.4839
1.00	14.00	50.00	0.00	257.0967
3.00	14.00	50.00	0.00	257.4432
5.00	14.00	50.00	0.00	258.1355
7.00	14.00	50.00	0.00	259.1721
9.00	14.00	50.00	0.00	260.5506
11.00	14.00	50.00	0.00	262.2678
13.00	14.00	50.00	0.00	264.3195
1.00	15.00	50.00	0.00	282.6257
3.00	15.00	50.00	0.00	282.9784
5.00	15.00	50.00	0.00	283.6835
7.00	15.00	50.00	0.00	284.7399
9.00	15.00	50.00	0.00	286.1461
11.00	15.00	50.00	0.00	287.8998
13.00	15.00	50.00	0.00	289.9976
1.00	16.00	50.00	0.00	307.7895
3.00	16.00	50.00	0.00	308.1586
5.00	16.00	50.00	0.00	308.8962
7.00	16.00	50.00	0.00	310.0014
9.00	16.00	50.00	0.00	311.4722
11.00	16.00	50.00	0.00	313.3059
13.00	16.00	50.00	0.00	315.4986
1.00	17.00	50.00	0.00	332.6316
3.00	17.00	50.00	0.00	333.0257
5.00	17.00	50.00	0.00	333.8131
7.00	17.00	50.00	0.00	334.9919
9.00	17.00	50.00	0.00	336.5590
11.00	17.00	50.00	0.00	338.5101
13.00	17.00	50.00	0.00	340.8391
1.00	18.00	50.00	0.00	357.1938
3.00	18.00	50.00	0.00	357.6210
5.00	18.00	50.00	0.00	358.4736
7.00	18.00	50.00	0.00	359.7484
9.00	18.00	50.00	0.00	361.4400
11.00	18.00	50.00	0.00	363.5414
13.00	18.00	50.00	0.00	366.0429
1.00	19.00	50.00	0.00	381.5138
3.00	19.00	50.00	0.00	381.9814
5.00	19.00	50.00	0.00	382.9138
7.00	19.00	50.00	0.00	384.3053
9.00	19.00	50.00	0.00	386.1473
11.00	19.00	50.00	0.00	388.4284
13.00	19.00	50.00	0.00	391.1343
1.00	20.00	50.00	0.00	405.6239
3.00	20.00	50.00	0.00	406.1393
5.00	20.00	50.00	0.00	407.1654
7.00	20.00	50.00	0.00	408.6933
9.00	20.00	50.00	0.00	410.7096
11.00	20.00	50.00	0.00	413.1973
13.00	20.00	50.00	0.00	416.1361
1.00	3.00	5.00	0.50	16.7945
1.00	5.00	5.00	0.50	33.9223
1.00	7.00	5.00	0.50	50.4459
3.00	7.00	5.00	0.50	55.4076
1.00	8.00	5.00	0.50	58.6133
3.00	8.00	5.00	0.50	64.5943
1.00	9.00	5.00	0.50	62.7993
3.00	10.00	5.00	0.50	83.0251
1.00	11.00	5.00	0.50	83.0618
3.00	11.00	5.00	0.50	92.2545
1.00	12.00	5.00	0.50	91.2161
3.00	12.00	5.00	0.50	101.4886
1.00	14.00	5.00	0.50	107.5346
3.00	14.00	5.00	0.50	119.9658
3.00	15.00	5.00	0.50	137.4653
1.00	16.00	5.00	0.50	123.8608
3.00	16.00	5.00	0.50	120.6002
1.00	18.00	5.00	0.50	140.1898
3.00	18.00	5.00	0.50	156.9397
3.00	19.00	5.00	0.50	186.0204
1.00	20.00	5.00	0.50	156.5195
3.00	20.00	5.00	0.50	175.4322
1.00	3.00	10.00	0.50	17.3653
1.00	4.00	10.00	0.50	28.5412
3.00	5.00	10.00	0.50	42.4104
1.00	6.00	10.00	0.50	52.7825
3.00	6.00	10.00	0.50	54.3709
1.00	7.00	10.00	0.50	64.5277
3.00	7.00	10.00	0.50	66.2883
1.00	8.00	10.00	0.50	76.0092
3.00	8.00	10.00	0.50	78.1115
1.00	9.00	10.00	0.50	87.2993
3.00	9.00	10.00	0.50	89.8760
5.00	9.00	10.00	0.50	94.3734
1.00	10.00	10.00	0.50	98.4547
3.00	10.00	10.00	0.50	101.6138
5.00	10.00	10.00	0.50	106.8077
1.00	11.00	10.00	0.50	109.5156
3.00	11.00	10.00	0.50	113.3447
5.00	11.00	10.00	0.50	119.2763
1.00	12.00	10.00	0.50	120.5104
3.00	12.00	10.00	0.50	125.0786
5.00	12.00	10.00	0.50	131.7675
1.00	13.00	10.00	0.50	131.4595
3.00	13.00	10.00	0.50	136.8194
5.00	13.00	10.00	0.50	144.2738
5.00	14.00	10.00	0.50	137.3708
1.00	15.00	10.00	0.50	153.2747
3.00	15.00	10.00	0.50	160.3222
5.00	15.00	10.00	0.50	169.3125
1.00	16.00	10.00	0.50	134.3257
3.00	16.00	10.00	0.50	139.1261
5.00	16.00	10.00	0.50	148.1152
1.00	17.00	10.00	0.50	146.3909
3.00	17.00	10.00	0.50	151.1286
5.00	17.00	10.00	0.50	160.1690
1.00	18.00	10.00	0.50	158.3475
3.00	18.00	10.00	0.50	163.1127
5.00	18.00	10.00	0.50	172.2934
1.00	19.00	10.00	0.50	170.1946
3.00	19.00	10.00	0.50	175.0656
5.00	19.00	10.00	0.50	184.4759
1.00	20.00	10.00	0.50	181.9372
3.00	20.00	10.00	0.50	186.9829
5.00	20.00	10.00	0.50	196.7050
1.00	3.00	15.00	0.50	17.3834
1.00	5.00	15.00	0.50	43.1149
3.00	5.00	15.00	0.50	44.6250
1.00	6.00	15.00	0.50	58.0171
3.00	6.00	15.00	0.50	59.1938
1.00	7.00	15.00	0.50	72.8078
3.00	7.00	15.00	0.50	73.8843
1.00	8.00	15.00	0.50	87.2567
3.00	8.00	15.00	0.50	88.3719
5.00	8.00	15.00	0.50	90.5833
1.00	9.00	15.00	0.50	101.3834
3.00	9.00	15.00	0.50	102.6361
5.00	9.00	15.00	0.50	105.0982
1.00	10.00	15.00	0.50	115.2529
3.00	10.00	15.00	0.50	116.7226
5.00	10.00	15.00	0.50	119.5572
7.00	10.00	15.00	0.50	123.5441
1.00	11.00	15.00	0.50	128.9246
3.00	11.00	15.00	0.50	130.6816
5.00	11.00	15.00	0.50	133.9834
7.00	11.00	15.00	0.50	138.4859
1.00	12.00	15.00	0.50	142.4450
3.00	12.00	15.00	0.50	144.5538
5.00	12.00	15.00	0.50	148.3966
7.00	12.00	15.00	0.50	153.4653
1.00	13.00	15.00	0.50	155.8492
3.00	13.00	15.00	0.50	158.3697
5.00	13.00	15.00	0.50	162.8097
7.00	13.00	15.00	0.50	168.4753
9.00	13.00	15.00	0.50	174.6618
1.00	14.00	15.00	0.50	169.1634
3.00	14.00	15.00	0.50	172.1510
5.00	14.00	15.00	0.50	177.2293
7.00	14.00	15.00	0.50	183.5091
9.00	14.00	15.00	0.50	190.2193
1.00	15.00	15.00	0.50	182.4076
3.00	15.00	15.00	0.50	185.9128
5.00	15.00	15.00	0.50	191.6579
7.00	15.00	15.00	0.50	198.5609
9.00	15.00	15.00	0.50	205.8005
1.00	16.00	15.00	0.50	195.5969
3.00	16.00	15.00	0.50	199.6652
5.00	16.00	15.00	0.50	206.0959
7.00	16.00	15.00	0.50	213.6258
9.00	16.00	15.00	0.50	221.3975
1.00	17.00	15.00	0.50	208.7434
3.00	17.00	15.00	0.50	213.4144
5.00	17.00	15.00	0.50	220.5421
7.00	17.00	15.00	0.50	228.7001
9.00	17.00	15.00	0.50	237.0060
1.00	18.00	15.00	0.50	221.8562
3.00	18.00	15.00	0.50	227.1643
5.00	18.00	15.00	0.50	234.9950
7.00	18.00	15.00	0.50	243.7810
9.00	18.00	15.00	0.50	252.6229
1.00	19.00	15.00	0.50	234.9428
3.00	19.00	15.00	0.50	240.9169
5.00	19.00	15.00	0.50	249.4532
7.00	19.00	15.00	0.50	258.8664
1.00	20.00	15.00	0.50	248.0091
3.00	20.00	15.00	0.50	254.6730
5.00	20.00	15.00	0.50	263.9152
7.00	20.00	15.00	0.50	273.9549
1.00	3.00	20.00	0.50	17.3838
1.00	5.00	20.00	0.50	43.8275
3.00	5.00	20.00	0.50	45.3185
1.00	6.00	20.00	0.50	60.4637
3.00	6.00	20.00	0.50	61.5659
1.00	7.00	20.00	0.50	77.6713
3.00	7.00	20.00	0.50	78.5679
5.00	7.00	20.00	0.50	80.3146
1.00	8.00	20.00	0.50	94.7175
3.00	8.00	20.00	0.50	95.5374
5.00	8.00	20.00	0.50	97.1615
1.00	9.00	20.00	0.50	111.4093
3.00	9.00	20.00	0.50	112.2384
5.00	9.00	20.00	0.50	113.8896
7.00	9.00	20.00	0.50	116.3436
1.00	10.00	20.00	0.50	127.7556
3.00	10.00	20.00	0.50	128.6556
5.00	10.00	20.00	0.50	130.4446
7.00	10.00	20.00	0.50	133.0931
1.00	11.00	20.00	0.50	143.8126
3.00	11.00	20.00	0.50	144.8335
5.00	11.00	20.00	0.50	146.8477
7.00	11.00	20.00	0.50	149.7957
9.00	11.00	20.00	0.50	153.5727
1.00	12.00	20.00	0.50	159.6371
3.00	12.00	20.00	0.50	160.8232
5.00	12.00	20.00	0.50	163.1362
7.00	12.00	20.00	0.50	166.4658
9.00	12.00	20.00	0.50	170.6535
1.00	13.00	20.00	0.50	175.2765
3.00	13.00	20.00	0.50	176.6695
5.00	13.00	20.00	0.50	179.3451
7.00	13.00	20.00	0.50	183.1200
9.00	13.00	20.00	0.50	187.7697
1.00	14.00	20.00	0.50	190.7683
3.00	14.00	20.00	0.50	192.4080
5.00	14.00	20.00	0.50	195.5021
7.00	14.00	20.00	0.50	199.7712
9.00	14.00	20.00	0.50	204.9172
11.00	14.00	20.00	0.50	210.6016
1.00	15.00	20.00	0.50	206.1415
3.00	15.00	20.00	0.50	208.0669
5.00	15.00	20.00	0.50	211.6278
7.00	15.00	20.00	0.50	216.4275
9.00	15.00	20.00	0.50	222.0917
11.00	15.00	20.00	0.50	228.2475
1.00	16.00	20.00	0.50	221.4186
3.00	16.00	20.00	0.50	223.6677
5.00	16.00	20.00	0.50	227.7368
7.00	16.00	20.00	0.50	233.0930
9.00	16.00	20.00	0.50	239.2887
11.00	16.00	20.00	0.50	245.9199
1.00	17.00	20.00	0.50	236.6174
3.00	17.00	20.00	0.50	239.2271
5.00	17.00	20.00	0.50	243.8386
7.00	17.00	20.00	0.50	249.7691
9.00	17.00	20.00	0.50	256.5038
11.00	17.00	20.00	0.50	263.6146
1.00	18.00	20.00	0.50	251.7518
3.00	18.00	20.00	0.50	254.7575
5.00	18.00	20.00	0.50	259.9395
7.00	18.00	20.00	0.50	266.4556
9.00	18.00	20.00	0.50	273.7328
11.00	18.00	20.00	0.50	281.3256
1.00	19.00	20.00	0.50	266.8333
3.00	19.00	20.00	0.50	270.2686
5.00	19.00	20.00	0.50	276.0429
7.00	19.00	20.00	0.50	283.1512
9.00	19.00	20.00	0.50	290.9725
11.00	19.00	20.00	0.50	299.0488
1.00	20.00	20.00	0.50	281.8709
3.00	20.00	20.00	0.50	285.7674
5.00	20.00	20.00	0.50	292.1506
7.00	20.00	20.00	0.50	299.8546
9.00	20.00	20.00	0.50	308.2202
11.00	20.00	20.00	0.50	316.7810
1.00	3.00	25.00	0.50	17.3839
1.00	5.00	25.00	0.50	44.0149
3.00	5.00	25.00	0.50	45.5182
3.00	6.00	25.00	0.50	62.6120
1.00	7.00	25.00	0.50	80.4308
3.00	7.00	25.00	0.50	81.2774
5.00	7.00	25.00	0.50	82.9134
1.00	8.00	25.00	0.50	99.6516
3.00	8.00	25.00	0.50	100.3645
5.00	8.00	25.00	0.50	101.7679
1.00	9.00	25.00	0.50	118.6452
3.00	9.00	25.00	0.50	119.3060
5.00	9.00	25.00	0.50	120.6193
7.00	9.00	25.00	0.50	122.5791
1.00	10.00	25.00	0.50	137.2728
3.00	10.00	25.00	0.50	137.9372
5.00	10.00	25.00	0.50	139.2626
7.00	10.00	25.00	0.50	141.2405
9.00	10.00	25.00	0.50	143.8527
1.00	11.00	25.00	0.50	155.5451
3.00	11.00	25.00	0.50	156.2544
5.00	11.00	25.00	0.50	157.6687
7.00	11.00	25.00	0.50	159.7768
9.00	11.00	25.00	0.50	162.5556
1.00	12.00	25.00	0.50	173.5125
3.00	12.00	25.00	0.50	174.3004
5.00	12.00	25.00	0.50	175.8657
7.00	12.00	25.00	0.50	178.1855
9.00	12.00	25.00	0.50	181.2204
11.00	12.00	25.00	0.50	184.9044
1.00	13.00	25.00	0.50	191.2283
3.00	13.00	25.00	0.50	192.1247
5.00	13.00	25.00	0.50	193.8947
7.00	13.00	25.00	0.50	196.4937
9.00	13.00	25.00	0.50	199.8552
11.00	13.00	25.00	0.50	203.8862
1.00	14.00	25.00	0.50	208.7385
3.00	14.00	25.00	0.50	209.7714
5.00	14.00	25.00	0.50	211.7945
7.00	14.00	25.00	0.50	214.7299
9.00	14.00	25.00	0.50	218.4737
11.00	14.00	25.00	0.50	222.8992
1.00	15.00	25.00	0.50	226.0806
3.00	15.00	25.00	0.50	227.2773
5.00	15.00	25.00	0.50	229.5980
7.00	15.00	25.00	0.50	232.9184
9.00	15.00	25.00	0.50	237.0878
11.00	15.00	25.00	0.50	241.9418
13.00	15.00	25.00	0.50	247.2915
1.00	16.00	25.00	0.50	243.2847
3.00	16.00	25.00	0.50	244.6721
5.00	16.00	25.00	0.50	247.3316
7.00	16.00	25.00	0.50	251.0780
9.00	16.00	25.00	0.50	255.7057
11.00	16.00	25.00	0.50	261.0114
13.00	16.00	25.00	0.50	266.7785
1.00	17.00	25.00	0.50	260.3745
3.00	17.00	25.00	0.50	261.9794
5.00	17.00	25.00	0.50	265.0157
7.00	17.00	25.00	0.50	269.2221
9.00	17.00	25.00	0.50	274.3323
11.00	17.00	25.00	0.50	280.1052
13.00	17.00	25.00	0.50	286.3037
1.00	18.00	25.00	0.50	277.3692
3.00	18.00	25.00	0.50	279.2183
5.00	18.00	25.00	0.50	282.6663
7.00	18.00	25.00	0.50	287.3603
9.00	18.00	25.00	0.50	292.9699
11.00	18.00	25.00	0.50	299.2196
13.00	18.00	25.00	0.50	305.8553
1.00	19.00	25.00	0.50	294.2842
3.00	19.00	25.00	0.50	296.4040
5.00	19.00	25.00	0.50	300.2950
7.00	19.00	25.00	0.50	305.4984
9.00	19.00	25.00	0.50	311.6191
11.00	19.00	25.00	0.50	318.3511
13.00	19.00	25.00	0.50	325.4274
1.00	20.00	25.00	0.50	311.1319
3.00	20.00	25.00	0.50	313.5487
5.00	20.00	25.00	0.50	317.9105
7.00	20.00	25.00	0.50	323.6400
9.00	20.00	25.00	0.50	330.2791
11.00	20.00	25.00	0.50	337.4965
13.00	20.00	25.00	0.50	345.0154
1.00	3.00	30.00	0.50	17.3839
1.00	4.00	30.00	0.50	29.1271
3.00	5.00	30.00	0.50	45.5686
1.00	6.00	30.00	0.50	61.9331
3.00	6.00	30.00	0.50	63.0387
1.00	7.00	30.00	0.50	81.9236
3.00	7.00	30.00	0.50	82.7609
5.00	7.00	30.00	0.50	84.3720
1.00	8.00	30.00	0.50	102.8480
3.00	8.00	30.00	0.50	103.5208
5.00	8.00	30.00	0.50	104.8395
7.00	8.00	30.00	0.50	106.7599
1.00	9.00	30.00	0.50	123.8520
3.00	9.00	30.00	0.50	124.4377
5.00	9.00	30.00	0.50	125.5977
7.00	9.00	30.00	0.50	127.3116
9.00	9.00	30.00	0.50	129.7009
1.00	10.00	30.00	0.50	144.5698
3.00	10.00	30.00	0.50	145.1219
5.00	10.00	30.00	0.50	146.2216
7.00	10.00	30.00	0.50	147.8604
9.00	10.00	30.00	0.50	150.0247
1.00	11.00	30.00	0.50	164.9120
3.00	11.00	30.00	0.50	165.4684
5.00	11.00	30.00	0.50	166.5793
7.00	11.00	30.00	0.50	168.2402
9.00	11.00	30.00	0.50	170.4425
11.00	11.00	30.00	0.50	173.2745
1.00	12.00	30.00	0.50	184.8957
3.00	12.00	30.00	0.50	185.4853
5.00	12.00	30.00	0.50	186.6621
7.00	12.00	30.00	0.50	188.4208
9.00	12.00	30.00	0.50	190.7507
11.00	12.00	30.00	0.50	193.6321
1.00	13.00	30.00	0.50	204.5681
3.00	13.00	30.00	0.50	205.2147
5.00	13.00	30.00	0.50	206.5028
7.00	13.00	30.00	0.50	208.4212
9.00	13.00	30.00	0.50	210.9510
11.00	13.00	30.00	0.50	214.0625
13.00	13.00	30.00	0.50	217.7088
1.00	14.00	30.00	0.50	223.9789
3.00	14.00	30.00	0.50	224.7039
5.00	14.00	30.00	0.50	226.1429
7.00	14.00	30.00	0.50	228.2740
9.00	14.00	30.00	0.50	231.0638
11.00	14.00	30.00	0.50	234.4664
13.00	14.00	30.00	0.50	238.4184
1.00	15.00	30.00	0.50	243.1719
3.00	15.00	30.00	0.50	243.9953
5.00	15.00	30.00	0.50	245.6217
7.00	15.00	30.00	0.50	248.0122
9.00	15.00	30.00	0.50	251.1125
11.00	15.00	30.00	0.50	254.8547
13.00	15.00	30.00	0.50	259.1559
1.00	16.00	30.00	0.50	262.1838
3.00	16.00	30.00	0.50	263.1251
5.00	16.00	30.00	0.50	264.9731
7.00	16.00	30.00	0.50	267.6649
9.00	16.00	30.00	0.50	271.1181
11.00	16.00	30.00	0.50	275.2382
13.00	16.00	30.00	0.50	279.9202
1.00	17.00	30.00	0.50	281.0443
3.00	17.00	30.00	0.50	282.1229
5.00	17.00	30.00	0.50	284.2252
7.00	17.00	30.00	0.50	287.2557
9.00	17.00	30.00	0.50	291.0972
11.00	17.00	30.00	0.50	295.6248
13.00	17.00	30.00	0.50	300.7105
1.00	18.00	30.00	0.50	299.7779
3.00	18.00	30.00	0.50	301.0130
5.00	18.00	30.00	0.50	303.4007
7.00	18.00	30.00	0.50	306.8035
9.00	18.00	30.00	0.50	311.0624
11.00	18.00	30.00	0.50	316.0197
13.00	18.00	30.00	0.50	321.5250
1.00	19.00	30.00	0.50	318.4040
3.00	19.00	30.00	0.50	319.8151
5.00	19.00	30.00	0.50	322.5182
7.00	19.00	30.00	0.50	326.3228
9.00	19.00	30.00	0.50	331.0224
11.00	19.00	30.00	0.50	336.4257
13.00	19.00	30.00	0.50	342.3613
1.00	20.00	30.00	0.50	336.9389
3.00	20.00	30.00	0.50	338.5457
5.00	20.00	30.00	0.50	341.5923
7.00	20.00	30.00	0.50	345.8243
9.00	20.00	30.00	0.50	350.9831
11.00	20.00	30.00	0.50	356.8438
13.00	20.00	30.00	0.50	363.2165
1.00	3.00	35.00	0.50	17.3839
1.00	4.00	35.00	0.50	29.1272
3.00	5.00	35.00	0.50	45.5821
1.00	6.00	35.00	0.50	62.0928
3.00	6.00	35.00	0.50	63.2046
1.00	7.00	35.00	0.50	82.6954
3.00	7.00	35.00	0.50	83.5353
5.00	7.00	35.00	0.50	85.1483
1.00	8.00	35.00	0.50	104.8614
3.00	8.00	35.00	0.50	105.5213
5.00	8.00	35.00	0.50	106.8111
7.00	8.00	35.00	0.50	108.6785
1.00	9.00	35.00	0.50	127.5531
3.00	9.00	35.00	0.50	128.1042
5.00	9.00	35.00	0.50	129.1930
7.00	9.00	35.00	0.50	130.7949
9.00	9.00	35.00	0.50	133.1562
1.00	10.00	35.00	0.50	150.1543
3.00	10.00	35.00	0.50	150.6485
5.00	10.00	35.00	0.50	151.6309
7.00	10.00	35.00	0.50	153.0905
9.00	10.00	35.00	0.50	155.0773
11.00	10.00	35.00	0.50	157.4984
1.00	11.00	35.00	0.50	172.4240
3.00	11.00	35.00	0.50	172.8978
5.00	11.00	35.00	0.50	173.8429
7.00	11.00	35.00	0.50	175.2545
9.00	11.00	35.00	0.50	177.1252
11.00	11.00	35.00	0.50	179.4443
1.00	12.00	35.00	0.50	194.3125
3.00	12.00	35.00	0.50	194.7925
5.00	12.00	35.00	0.50	195.7515
7.00	12.00	35.00	0.50	197.1868
9.00	12.00	35.00	0.50	199.0937
11.00	12.00	35.00	0.50	201.4639
13.00	12.00	35.00	0.50	204.6202
1.00	13.00	35.00	0.50	215.8435
3.00	13.00	35.00	0.50	216.3508
5.00	13.00	35.00	0.50	217.3639
7.00	13.00	35.00	0.50	218.8797
9.00	13.00	35.00	0.50	220.8922
11.00	13.00	35.00	0.50	223.3912
13.00	13.00	35.00	0.50	226.3664
1.00	14.00	35.00	0.50	237.0622
3.00	14.00	35.00	0.50	237.6143
5.00	14.00	35.00	0.50	238.7154
7.00	14.00	35.00	0.50	240.3592
9.00	14.00	35.00	0.50	242.5349
11.00	14.00	35.00	0.50	245.2262
13.00	14.00	35.00	0.50	248.4091
1.00	15.00	35.00	0.50	258.0150
3.00	15.00	35.00	0.50	258.6278
5.00	15.00	35.00	0.50	259.8471
7.00	15.00	35.00	0.50	261.6605
9.00	15.00	35.00	0.50	264.0486
11.00	15.00	35.00	0.50	266.9851
13.00	15.00	35.00	0.50	270.4351
1.00	16.00	35.00	0.50	278.7435
3.00	16.00	35.00	0.50	279.4319
5.00	16.00	35.00	0.50	280.7974
7.00	16.00	35.00	0.50	282.8177
9.00	16.00	35.00	0.50	285.4612
11.00	16.00	35.00	0.50	288.6874
13.00	16.00	35.00	0.50	292.4471
1.00	17.00	35.00	0.50	299.2827
3.00	17.00	35.00	0.50	300.0613
5.00	17.00	35.00	0.50	301.5995
7.00	17.00	35.00	0.50	303.8614
9.00	17.00	35.00	0.50	306.7981
11.00	17.00	35.00	0.50	310.3511
13.00	17.00	35.00	0.50	314.4545
1.00	18.00	35.00	0.50	319.6619
3.00	18.00	35.00	0.50	320.5451
5.00	18.00	35.00	0.50	322.2817
7.00	18.00	35.00	0.50	324.8172
9.00	18.00	35.00	0.50	328.0805
11.00	18.00	35.00	0.50	331.9912
13.00	18.00	35.00	0.50	336.4648
1.00	19.00	35.00	0.50	339.9050
3.00	19.00	35.00	0.50	340.9073
5.00	19.00	35.00	0.50	342.8674
7.00	19.00	35.00	0.50	345.7062
9.00	19.00	35.00	0.50	349.3251
11.00	19.00	35.00	0.50	353.6190
13.00	19.00	35.00	0.50	358.4832
1.00	20.00	35.00	0.50	360.0318
3.00	20.00	35.00	0.50	361.1679
5.00	20.00	35.00	0.50	363.3758
7.00	20.00	35.00	0.50	366.5453
9.00	20.00	35.00	0.50	370.5452
11.00	20.00	35.00	0.50	375.2427
13.00	20.00	35.00	0.50	380.5127
1.00	3.00	40.00	0.50	17.3839
1.00	5.00	40.00	0.50	44.0753
3.00	5.00	40.00	0.50	45.5851
3.00	6.00	40.00	0.50	63.2674
1.00	7.00	40.00	0.50	83.0805
3.00	7.00	40.00	0.50	83.9252
5.00	7.00	40.00	0.50	85.5459
1.00	8.00	40.00	0.50	106.0933
3.00	8.00	40.00	0.50	106.7514
5.00	8.00	40.00	0.50	108.0357
7.00	8.00	40.00	0.50	109.8901
1.00	9.00	40.00	0.50	130.1395
3.00	9.00	40.00	0.50	130.6756
5.00	9.00	40.00	0.50	131.7327
7.00	9.00	40.00	0.50	133.2836
9.00	9.00	40.00	0.50	135.3379
1.00	10.00	40.00	0.50	154.3975
3.00	10.00	40.00	0.50	154.8609
5.00	10.00	40.00	0.50	155.7806
7.00	10.00	40.00	0.50	157.1436
9.00	10.00	40.00	0.50	159.1476
11.00	10.00	40.00	0.50	161.1291
1.00	11.00	40.00	0.50	178.4440
3.00	11.00	40.00	0.50	178.8705
5.00	11.00	40.00	0.50	179.7202
7.00	11.00	40.00	0.50	180.9870
9.00	11.00	40.00	0.50	182.6623
11.00	11.00	40.00	0.50	184.7693
1.00	12.00	40.00	0.50	202.1285
3.00	12.00	40.00	0.50	202.5438
5.00	12.00	40.00	0.50	203.3729
7.00	12.00	40.00	0.50	204.6131
9.00	12.00	40.00	0.50	206.2602
11.00	12.00	40.00	0.50	208.3079
13.00	12.00	40.00	0.50	210.7585
1.00	13.00	40.00	0.50	225.4303
3.00	13.00	40.00	0.50	225.8538
5.00	13.00	40.00	0.50	226.7000
7.00	13.00	40.00	0.50	227.9673
9.00	13.00	40.00	0.50	229.6528
11.00	13.00	40.00	0.50	231.7518
13.00	13.00	40.00	0.50	234.2565
1.00	14.00	40.00	0.50	248.3787
3.00	14.00	40.00	0.50	248.8260
5.00	14.00	40.00	0.50	249.7196
7.00	14.00	40.00	0.50	251.0575
9.00	14.00	40.00	0.50	252.8357
11.00	14.00	40.00	0.50	255.0481
13.00	14.00	40.00	0.50	257.6851
1.00	15.00	40.00	0.50	271.0171
3.00	15.00	40.00	0.50	271.5016
5.00	15.00	40.00	0.50	272.4687
7.00	15.00	40.00	0.50	273.9142
9.00	15.00	40.00	0.50	275.8310
11.00	15.00	40.00	0.50	278.2090
13.00	15.00	40.00	0.50	281.0338
1.00	16.00	40.00	0.50	293.3892
3.00	16.00	40.00	0.50	293.9232
5.00	16.00	40.00	0.50	294.9872
7.00	16.00	40.00	0.50	296.5731
9.00	16.00	40.00	0.50	298.6687
11.00	16.00	40.00	0.50	301.2570
13.00	16.00	40.00	0.50	304.3161
1.00	17.00	40.00	0.50	315.5341
3.00	17.00	40.00	0.50	316.1291
5.00	17.00	40.00	0.50	317.3119
7.00	17.00	40.00	0.50	319.0686
9.00	17.00	40.00	0.50	321.3788
11.00	17.00	40.00	0.50	324.2161
13.00	17.00	40.00	0.50	327.5486
1.00	18.00	40.00	0.50	337.4852
3.00	18.00	40.00	0.50	338.1525
5.00	18.00	40.00	0.50	339.4752
7.00	18.00	40.00	0.50	341.4310
9.00	18.00	40.00	0.50	343.9883
11.00	18.00	40.00	0.50	347.1085
13.00	18.00	40.00	0.50	350.7473
1.00	19.00	40.00	0.50	359.2708
3.00	19.00	40.00	0.50	360.0214
5.00	19.00	40.00	0.50	361.5045
7.00	19.00	40.00	0.50	363.6861
9.00	19.00	40.00	0.50	366.5202
11.00	19.00	40.00	0.50	369.9528
13.00	19.00	40.00	0.50	373.9252
1.00	20.00	40.00	0.50	380.9141
3.00	20.00	40.00	0.50	381.7593
5.00	20.00	40.00	0.50	383.4229
7.00	20.00	40.00	0.50	385.8558
9.00	20.00	40.00	0.50	388.9937
11.00	20.00	40.00	0.50	392.7643
13.00	20.00	40.00	0.50	397.0925
1.00	3.00	45.00	0.50	17.3839
1.00	5.00	45.00	0.50	44.0760
3.00	5.00	45.00	0.50	45.5861
1.00	7.00	45.00	0.50	83.2681
3.00	7.00	45.00	0.50	84.1168
5.00	7.00	45.00	0.50	85.7443
1.00	8.00	45.00	0.50	106.8280
3.00	8.00	45.00	0.50	107.4883
5.00	8.00	45.00	0.50	108.7757
7.00	8.00	45.00	0.50	110.6317
1.00	9.00	45.00	0.50	131.9136
3.00	9.00	45.00	0.50	132.4442
5.00	9.00	45.00	0.50	133.4896
7.00	9.00	45.00	0.50	135.0201
9.00	9.00	45.00	0.50	136.9974
1.00	10.00	45.00	0.50	157.5880
3.00	10.00	45.00	0.50	158.0353
5.00	10.00	45.00	0.50	158.9220
7.00	10.00	45.00	0.50	160.2333
9.00	10.00	45.00	0.50	161.9494
11.00	10.00	45.00	0.50	164.1648
1.00	11.00	45.00	0.50	183.2482
3.00	11.00	45.00	0.50	183.6468
5.00	11.00	45.00	0.50	184.4401
7.00	11.00	45.00	0.50	185.6209
9.00	11.00	45.00	0.50	187.1789
11.00	11.00	45.00	0.50	189.1782
13.00	11.00	45.00	0.50	191.3809
1.00	12.00	45.00	0.50	208.6159
3.00	12.00	45.00	0.50	208.9910
5.00	12.00	45.00	0.50	209.7395
7.00	12.00	45.00	0.50	210.8578
9.00	12.00	45.00	0.50	212.3409
11.00	12.00	45.00	0.50	214.1823
13.00	12.00	45.00	0.50	216.3743
1.00	13.00	45.00	0.50	233.6034
3.00	13.00	45.00	0.50	233.9738
5.00	13.00	45.00	0.50	234.7137
7.00	13.00	45.00	0.50	235.8215
9.00	13.00	45.00	0.50	237.2945
11.00	13.00	45.00	0.50	239.1292
13.00	13.00	45.00	0.50	241.3203
1.00	14.00	45.00	0.50	258.2107
3.00	14.00	45.00	0.50	258.5908
5.00	14.00	45.00	0.50	259.3505
7.00	14.00	45.00	0.50	260.4887
9.00	14.00	45.00	0.50	262.0035
11.00	14.00	45.00	0.50	263.8917
13.00	14.00	45.00	0.50	266.1488
1.00	15.00	45.00	0.50	282.4708
3.00	15.00	45.00	0.50	282.8726
5.00	15.00	45.00	0.50	283.6755
7.00	15.00	45.00	0.50	284.8780
9.00	15.00	45.00	0.50	286.4773
11.00	15.00	45.00	0.50	288.4692
13.00	15.00	45.00	0.50	290.8474
1.00	16.00	45.00	0.50	306.4255
3.00	16.00	45.00	0.50	306.8596
5.00	16.00	45.00	0.50	307.7262
7.00	16.00	45.00	0.50	309.0223
9.00	16.00	45.00	0.50	310.7430
11.00	16.00	45.00	0.50	312.8813
13.00	16.00	45.00	0.50	315.4274
1.00	17.00	45.00	0.50	330.1161
3.00	17.00	45.00	0.50	330.5920
5.00	17.00	45.00	0.50	331.5409
7.00	17.00	45.00	0.50	332.9572
9.00	17.00	45.00	0.50	334.8322
11.00	17.00	45.00	0.50	337.1543
13.00	17.00	45.00	0.50	339.9084
1.00	18.00	45.00	0.50	353.5792
3.00	18.00	45.00	0.50	354.1061
5.00	18.00	45.00	0.50	355.1549
7.00	18.00	45.00	0.50	356.7160
9.00	18.00	45.00	0.50	358.7754
11.00	18.00	45.00	0.50	361.3146
13.00	18.00	45.00	0.50	364.3114
1.00	19.00	45.00	0.50	376.8466
3.00	19.00	45.00	0.50	377.4334
5.00	19.00	45.00	0.50	378.5990
7.00	19.00	45.00	0.50	380.3284
9.00	19.00	45.00	0.50	382.5998
11.00	19.00	45.00	0.50	385.3861
13.00	19.00	45.00	0.50	388.6559
1.00	20.00	45.00	0.50	399.9452
3.00	20.00	45.00	0.50	400.6007
5.00	20.00	45.00	0.50	401.8999
7.00	20.00	45.00	0.50	403.8198
9.00	20.00	45.00	0.50	406.3290
11.00	20.00	45.00	0.50	409.3893
13.00	20.00	45.00	0.50	412.9583
1.00	3.00	50.00	0.50	17.3839
1.00	4.00	50.00	0.50	29.1272
3.00	5.00	50.00	0.50	45.5884
1.00	6.00	50.00	0.50	62.1820
3.00	6.00	50.00	0.50	63.2997
1.00	7.00	50.00	0.50	83.3581
3.00	7.00	50.00	0.50	84.2095
5.00	7.00	50.00	0.50	85.8419
1.00	8.00	50.00	0.50	107.2572
3.00	8.00	50.00	0.50	107.9206
5.00	8.00	50.00	0.50	109.2134
7.00	8.00	50.00	0.50	111.0755
1.00	9.00	50.00	0.50	133.1085
3.00	9.00	50.00	0.50	133.6385
5.00	9.00	50.00	0.50	134.6817
7.00	9.00	50.00	0.50	136.2071
9.00	9.00	50.00	0.50	138.1741
1.00	10.00	50.00	0.50	159.9582
3.00	10.00	50.00	0.50	160.3977
5.00	10.00	50.00	0.50	161.2680
7.00	10.00	50.00	0.50	162.5533
9.00	10.00	50.00	0.50	164.2319
11.00	10.00	50.00	0.50	166.3477
1.00	11.00	50.00	0.50	187.0576
3.00	11.00	50.00	0.50	187.4397
5.00	11.00	50.00	0.50	188.1996
7.00	11.00	50.00	0.50	189.3291
9.00	11.00	50.00	0.50	190.8167
11.00	11.00	50.00	0.50	192.6750
1.00	12.00	50.00	0.50	213.9881
3.00	12.00	50.00	0.50	214.3377
5.00	12.00	50.00	0.50	215.0348
7.00	12.00	50.00	0.50	216.0751
9.00	12.00	50.00	0.50	217.4528
11.00	12.00	50.00	0.50	219.1605
13.00	12.00	50.00	0.50	221.2471
1.00	13.00	50.00	0.50	240.5748
3.00	13.00	50.00	0.50	240.9102
5.00	13.00	50.00	0.50	241.5800
7.00	13.00	50.00	0.50	242.5821
9.00	13.00	50.00	0.50	243.9137
11.00	13.00	50.00	0.50	245.5706
13.00	13.00	50.00	0.50	247.5481
1.00	14.00	50.00	0.50	266.7731
3.00	14.00	50.00	0.50	267.1082
5.00	14.00	50.00	0.50	267.7780
7.00	14.00	50.00	0.50	268.7814
9.00	14.00	50.00	0.50	270.1168
11.00	14.00	50.00	0.50	271.7819
13.00	14.00	50.00	0.50	273.7735
1.00	15.00	50.00	0.50	292.5966
3.00	15.00	50.00	0.50	292.9427
5.00	15.00	50.00	0.50	293.6343
7.00	15.00	50.00	0.50	294.6708
9.00	15.00	50.00	0.50	296.0508
11.00	15.00	50.00	0.50	297.7721
13.00	15.00	50.00	0.50	299.8316
1.00	16.00	50.00	0.50	318.0807
3.00	16.00	50.00	0.50	318.4470
5.00	16.00	50.00	0.50	319.1790
7.00	16.00	50.00	0.50	320.2755
9.00	16.00	50.00	0.50	321.7343
11.00	16.00	50.00	0.50	323.5525
13.00	16.00	50.00	0.50	325.7254
1.00	17.00	50.00	0.50	343.2658
3.00	17.00	50.00	0.50	343.6607
5.00	17.00	50.00	0.50	344.4494
7.00	17.00	50.00	0.50	345.6296
9.00	17.00	50.00	0.50	347.1974
11.00	17.00	50.00	0.50	349.1476
13.00	17.00	50.00	0.50	351.4731
1.00	18.00	50.00	0.50	368.1904
3.00	18.00	50.00	0.50	368.6217
5.00	18.00	50.00	0.50	369.4823
7.00	18.00	50.00	0.50	370.7678
9.00	18.00	50.00	0.50	372.4718
11.00	18.00	50.00	0.50	374.5856
13.00	18.00	50.00	0.50	377.0981
1.00	19.00	50.00	0.50	392.8892
3.00	19.00	50.00	0.50	393.3643
5.00	19.00	50.00	0.50	394.3111
7.00	19.00	50.00	0.50	395.7223
9.00	19.00	50.00	0.50	397.5876
11.00	19.00	50.00	0.50	399.8936
13.00	19.00	50.00	0.50	402.6236
1.00	20.00	50.00	0.50	417.3921
3.00	20.00	50.00	0.50	417.9183
5.00	20.00	50.00	0.50	418.9652
7.00	20.00	50.00	0.50	420.5216
9.00	20.00	50.00	0.50	422.5719
11.00	20.00	50.00	0.50	425.0962
13.00	20.00	50.00	0.50	428.0709
1.00	3.00	5.00	1.00	19.0104
1.00	5.00	5.00	1.00	36.9534
1.00	7.00	5.00	1.00	54.3820
3.00	7.00	5.00	1.00	59.4282
1.00	9.00	5.00	1.00	71.6759
3.00	9.00	5.00	1.00	78.8270
1.00	10.00	5.00	1.00	66.1097
1.00	11.00	5.00	1.00	60.0643
1.00	12.00	5.00	1.00	58.4637
3.00	13.00	5.00	1.00	117.7443
1.00	14.00	5.00	1.00	114.9450
3.00	14.00	5.00	1.00	127.4827
1.00	16.00	5.00	1.00	132.2702
3.00	16.00	5.00	1.00	146.9651
1.00	18.00	5.00	1.00	149.5975
3.00	18.00	5.00	1.00	149.3274
1.00	20.00	5.00	1.00	166.9254
3.00	20.00	5.00	1.00	168.6210
1.00	3.00	10.00	1.00	19.8998
1.00	5.00	10.00	1.00	44.3548
3.00	5.00	10.00	1.00	45.8399
1.00	6.00	10.00	1.00	56.7498
3.00	6.00	10.00	1.00	58.2642
1.00	7.00	10.00	1.00	68.8584
3.00	7.00	10.00	1.00	70.6136
1.00	8.00	10.00	1.00	80.7369
3.00	8.00	10.00	1.00	82.8886
5.00	8.00	10.00	1.00	86.7663
1.00	9.00	10.00	1.00	92.4502
3.00	9.00	10.00	1.00	95.1236
5.00	9.00	10.00	1.00	99.6598
1.00	10.00	10.00	1.00	104.0481
3.00	10.00	10.00	1.00	107.3449
5.00	10.00	10.00	1.00	112.5984
1.00	11.00	10.00	1.00	115.5658
3.00	11.00	10.00	1.00	119.5675
5.00	11.00	10.00	1.00	125.5681
3.00	12.00	10.00	1.00	100.6225
1.00	13.00	10.00	1.00	138.4539
3.00	13.00	10.00	1.00	144.0364
5.00	13.00	10.00	1.00	151.5635
3.00	14.00	10.00	1.00	125.0957
5.00	14.00	10.00	1.00	133.4273
1.00	15.00	10.00	1.00	161.2402
3.00	15.00	10.00	1.00	168.5370
5.00	15.00	10.00	1.00	177.5972
3.00	16.00	10.00	1.00	149.9496
5.00	16.00	10.00	1.00	158.3710
1.00	17.00	10.00	1.00	183.9875
3.00	17.00	10.00	1.00	193.0569
5.00	17.00	10.00	1.00	203.6476
3.00	18.00	10.00	1.00	174.7926
5.00	18.00	10.00	1.00	183.5954
1.00	19.00	10.00	1.00	206.7257
3.00	19.00	10.00	1.00	217.5859
5.00	19.00	10.00	1.00	226.0264
1.00	20.00	10.00	1.00	218.0957
3.00	20.00	10.00	1.00	229.8520
1.00	3.00	15.00	1.00	19.9464
1.00	5.00	15.00	1.00	47.2521
3.00	5.00	15.00	1.00	48.5164
1.00	7.00	15.00	1.00	77.6226
3.00	7.00	15.00	1.00	78.6345
5.00	7.00	15.00	1.00	80.6408
1.00	8.00	15.00	1.00	92.4041
3.00	8.00	15.00	1.00	93.4959
5.00	8.00	15.00	1.00	95.6584
1.00	9.00	15.00	1.00	106.8962
3.00	9.00	15.00	1.00	108.1580
5.00	9.00	15.00	1.00	110.6217
1.00	10.00	15.00	1.00	121.1590
3.00	10.00	15.00	1.00	122.6672
5.00	10.00	15.00	1.00	125.5436
7.00	10.00	15.00	1.00	129.5381
1.00	11.00	15.00	1.00	135.2456
3.00	11.00	15.00	1.00	137.0692
5.00	11.00	15.00	1.00	140.4459
7.00	11.00	15.00	1.00	144.9791
1.00	12.00	15.00	1.00	149.1974
3.00	12.00	15.00	1.00	151.4007
5.00	12.00	15.00	1.00	155.3447
7.00	12.00	15.00	1.00	160.4587
9.00	12.00	15.00	1.00	166.1085
1.00	13.00	15.00	1.00	163.0457
3.00	13.00	15.00	1.00	165.6883
5.00	13.00	15.00	1.00	170.2496
7.00	13.00	15.00	1.00	175.9688
9.00	13.00	15.00	1.00	182.1397
1.00	14.00	15.00	1.00	176.8141
3.00	14.00	15.00	1.00	179.9506
5.00	14.00	15.00	1.00	185.1646
7.00	14.00	15.00	1.00	191.5021
9.00	14.00	15.00	1.00	198.2031
1.00	15.00	15.00	1.00	190.5205
3.00	15.00	15.00	1.00	194.2002
5.00	15.00	15.00	1.00	200.0906
7.00	15.00	15.00	1.00	207.0526
9.00	15.00	15.00	1.00	214.2844
1.00	16.00	15.00	1.00	204.1788
3.00	16.00	15.00	1.00	208.4452
5.00	16.00	15.00	1.00	215.0268
7.00	16.00	15.00	1.00	222.6154
9.00	16.00	15.00	1.00	230.3804
1.00	17.00	15.00	1.00	217.7996
3.00	17.00	15.00	1.00	222.6903
5.00	17.00	15.00	1.00	229.9713
7.00	17.00	15.00	1.00	238.1871
9.00	17.00	15.00	1.00	246.4873
1.00	18.00	15.00	1.00	231.6075
3.00	18.00	15.00	1.00	226.2269
7.00	18.00	15.00	1.00	231.8182
5.00	19.00	15.00	1.00	259.8787
7.00	19.00	15.00	1.00	269.3472
9.00	19.00	15.00	1.00	237.3738
1.00	20.00	15.00	1.00	258.5130
3.00	20.00	15.00	1.00	265.4458
5.00	20.00	15.00	1.00	274.8385
7.00	20.00	15.00	1.00	284.9325
9.00	20.00	15.00	1.00	275.4829
1.00	3.00	20.00	1.00	19.9484
1.00	5.00	20.00	1.00	48.2446
3.00	5.00	20.00	1.00	49.4930
3.00	6.00	20.00	1.00	66.3671
1.00	7.00	20.00	1.00	82.9602
3.00	7.00	20.00	1.00	83.7690
5.00	7.00	20.00	1.00	85.3594
1.00	8.00	20.00	1.00	100.3047
3.00	8.00	20.00	1.00	101.0754
5.00	8.00	20.00	1.00	102.6084
7.00	8.00	20.00	1.00	104.9159
1.00	9.00	20.00	1.00	117.3147
3.00	9.00	20.00	1.00	118.1209
5.00	9.00	20.00	1.00	119.7277
7.00	9.00	20.00	1.00	122.1166
1.00	10.00	20.00	1.00	134.0098
3.00	10.00	20.00	1.00	134.9077
5.00	10.00	20.00	1.00	136.6885
7.00	10.00	20.00	1.00	139.3157
1.00	11.00	20.00	1.00	150.4431
3.00	11.00	20.00	1.00	151.4803
5.00	11.00	20.00	1.00	153.5171
7.00	11.00	20.00	1.00	156.4787
9.00	11.00	20.00	1.00	160.2461
1.00	12.00	20.00	1.00	166.6661
3.00	12.00	20.00	1.00	167.8863
5.00	12.00	20.00	1.00	170.2495
7.00	12.00	20.00	1.00	173.6206
9.00	12.00	20.00	1.00	177.8218
1.00	13.00	20.00	1.00	182.7215
3.00	13.00	20.00	1.00	184.1664
5.00	13.00	20.00	1.00	186.9174
7.00	13.00	20.00	1.00	190.7561
9.00	13.00	20.00	1.00	195.4351
11.00	13.00	20.00	1.00	200.6555
1.00	14.00	20.00	1.00	198.6429
3.00	14.00	20.00	1.00	200.3531
5.00	14.00	20.00	1.00	203.5455
7.00	14.00	20.00	1.00	207.8955
9.00	14.00	20.00	1.00	213.0813
11.00	14.00	20.00	1.00	218.7716
1.00	15.00	20.00	1.00	214.4567
3.00	15.00	20.00	1.00	216.4717
5.00	15.00	20.00	1.00	220.1514
7.00	15.00	20.00	1.00	225.0446
9.00	15.00	20.00	1.00	230.7549
11.00	15.00	20.00	1.00	236.9106
1.00	16.00	20.00	1.00	230.1832
3.00	16.00	20.00	1.00	232.5415
5.00	16.00	20.00	1.00	236.7473
7.00	16.00	20.00	1.00	242.2057
9.00	16.00	20.00	1.00	248.4509
11.00	16.00	20.00	1.00	255.0841
1.00	17.00	20.00	1.00	245.8386
3.00	17.00	20.00	1.00	248.5775
5.00	17.00	20.00	1.00	253.3409
7.00	17.00	20.00	1.00	259.3789
9.00	17.00	20.00	1.00	266.1644
11.00	17.00	20.00	1.00	273.2784
1.00	18.00	20.00	1.00	261.4358
3.00	18.00	20.00	1.00	264.5906
5.00	18.00	20.00	1.00	269.9367
7.00	18.00	20.00	1.00	276.5632
9.00	18.00	20.00	1.00	283.8915
11.00	18.00	20.00	1.00	291.4881
1.00	19.00	20.00	1.00	276.9851
3.00	19.00	20.00	1.00	280.5892
5.00	19.00	20.00	1.00	286.5371
7.00	19.00	20.00	1.00	293.7569
9.00	19.00	20.00	1.00	301.6287
11.00	19.00	20.00	1.00	309.7093
1.00	20.00	20.00	1.00	292.4947
3.00	20.00	20.00	1.00	296.5792
5.00	20.00	20.00	1.00	303.1432
7.00	20.00	20.00	1.00	310.9582
9.00	20.00	20.00	1.00	319.3734
11.00	20.00	20.00	1.00	327.9391
1.00	3.00	25.00	1.00	19.9485
1.00	5.00	25.00	1.00	48.5479
3.00	5.00	25.00	1.00	49.8040
3.00	6.00	25.00	1.00	67.7053
5.00	6.00	25.00	1.00	69.4967
1.00	7.00	25.00	1.00	86.1327
3.00	7.00	25.00	1.00	86.8785
5.00	7.00	25.00	1.00	88.3336
1.00	8.00	25.00	1.00	105.6660
3.00	8.00	25.00	1.00	106.3171
5.00	8.00	25.00	1.00	107.6057
7.00	8.00	25.00	1.00	109.7168
1.00	9.00	25.00	1.00	124.9504
3.00	9.00	25.00	1.00	125.5747
5.00	9.00	25.00	1.00	126.8186
7.00	9.00	25.00	1.00	128.6723
1.00	10.00	25.00	1.00	143.8894
3.00	10.00	25.00	1.00	144.5352
5.00	10.00	25.00	1.00	145.8240
7.00	10.00	25.00	1.00	147.7489
9.00	10.00	25.00	1.00	150.2932
1.00	11.00	25.00	1.00	162.5019
3.00	11.00	25.00	1.00	163.2066
5.00	11.00	25.00	1.00	164.6103
7.00	11.00	25.00	1.00	166.6995
9.00	11.00	25.00	1.00	169.4476
1.00	12.00	25.00	1.00	180.8358
3.00	12.00	25.00	1.00	181.6316
5.00	12.00	25.00	1.00	183.2088
7.00	12.00	25.00	1.00	185.5380
9.00	12.00	25.00	1.00	188.5721
11.00	12.00	25.00	1.00	192.2389
1.00	13.00	25.00	1.00	198.9399
3.00	13.00	25.00	1.00	199.8561
5.00	13.00	25.00	1.00	201.6587
7.00	13.00	25.00	1.00	204.2918
9.00	13.00	25.00	1.00	207.6768
11.00	13.00	25.00	1.00	211.7115
1.00	14.00	25.00	1.00	216.8560
3.00	14.00	25.00	1.00	217.9207
5.00	14.00	25.00	1.00	219.9962
7.00	14.00	25.00	1.00	222.9872
9.00	14.00	25.00	1.00	226.7740
11.00	14.00	25.00	1.00	231.2187
13.00	14.00	25.00	1.00	236.1485
1.00	15.00	25.00	1.00	234.6181
3.00	15.00	25.00	1.00	235.8590
5.00	15.00	25.00	1.00	238.2512
7.00	15.00	25.00	1.00	241.6462
9.00	15.00	25.00	1.00	245.8736
11.00	15.00	25.00	1.00	250.7577
13.00	15.00	25.00	1.00	256.1029
1.00	16.00	25.00	1.00	252.2535
3.00	16.00	25.00	1.00	253.6982
5.00	16.00	25.00	1.00	256.4475
7.00	16.00	25.00	1.00	260.2849
9.00	16.00	25.00	1.00	264.9821
11.00	16.00	25.00	1.00	270.3253
13.00	16.00	25.00	1.00	276.0969
1.00	17.00	25.00	1.00	269.7839
3.00	17.00	25.00	1.00	271.4598
5.00	17.00	25.00	1.00	274.6037
7.00	17.00	25.00	1.00	278.9148
9.00	17.00	25.00	1.00	284.1027
11.00	17.00	25.00	1.00	289.9175
13.00	17.00	25.00	1.00	296.1233
1.00	18.00	25.00	1.00	287.2270
3.00	18.00	25.00	1.00	289.1614
5.00	18.00	25.00	1.00	292.7336
7.00	18.00	25.00	1.00	297.5435
9.00	18.00	25.00	1.00	303.2364
11.00	18.00	25.00	1.00	309.5305
13.00	18.00	25.00	1.00	316.1751
1.00	19.00	25.00	1.00	304.5966
3.00	19.00	25.00	1.00	306.8167
5.00	19.00	25.00	1.00	310.8474
7.00	19.00	25.00	1.00	316.1754
9.00	19.00	25.00	1.00	322.3827
11.00	19.00	25.00	1.00	329.1603
13.00	19.00	25.00	1.00	336.2464
1.00	20.00	25.00	1.00	321.9044
3.00	20.00	25.00	1.00	324.4369
5.00	20.00	25.00	1.00	328.9526
7.00	20.00	25.00	1.00	334.8131
9.00	20.00	25.00	1.00	341.5404
11.00	20.00	25.00	1.00	348.8035
13.00	20.00	25.00	1.00	356.3327
1.00	3.00	30.00	1.00	19.9485
1.00	5.00	30.00	1.00	48.6349
3.00	5.00	30.00	1.00	49.8964
3.00	6.00	30.00	1.00	68.3017
5.00	6.00	30.00	1.00	70.0873
1.00	7.00	30.00	1.00	87.9464
3.00	7.00	30.00	1.00	88.6750
5.00	7.00	30.00	1.00	90.0907
1.00	8.00	30.00	1.00	109.2503
3.00	8.00	30.00	1.00	109.8534
5.00	8.00	30.00	1.00	111.0420
7.00	8.00	30.00	1.00	112.7847
1.00	9.00	30.00	1.00	130.5478
3.00	9.00	30.00	1.00	131.0892
5.00	9.00	30.00	1.00	132.1651
7.00	9.00	30.00	1.00	133.7622
1.00	10.00	30.00	1.00	151.5525
3.00	10.00	30.00	1.00	152.0775
5.00	10.00	30.00	1.00	153.1250
7.00	10.00	30.00	1.00	154.6896
9.00	10.00	30.00	1.00	156.7621
1.00	11.00	30.00	1.00	172.2036
3.00	11.00	30.00	1.00	172.7455
5.00	11.00	30.00	1.00	173.8277
7.00	11.00	30.00	1.00	175.4467
9.00	11.00	30.00	1.00	177.5949
11.00	11.00	30.00	1.00	180.2606
1.00	12.00	30.00	1.00	192.5236
3.00	12.00	30.00	1.00	193.1086
5.00	12.00	30.00	1.00	194.2759
7.00	12.00	30.00	1.00	196.0187
9.00	12.00	30.00	1.00	198.3247
11.00	12.00	30.00	1.00	201.1726
13.00	12.00	30.00	1.00	204.5253
1.00	13.00	30.00	1.00	212.5571
3.00	13.00	30.00	1.00	213.2081
5.00	13.00	30.00	1.00	214.5033
7.00	13.00	30.00	1.00	216.4281
9.00	13.00	30.00	1.00	218.9595
11.00	13.00	30.00	1.00	222.0633
13.00	13.00	30.00	1.00	225.6896
1.00	14.00	30.00	1.00	232.3500
3.00	14.00	30.00	1.00	233.0879
5.00	14.00	30.00	1.00	234.5496
7.00	14.00	30.00	1.00	236.7071
9.00	14.00	30.00	1.00	239.5203
11.00	14.00	30.00	1.00	242.9362
13.00	14.00	30.00	1.00	246.8870
1.00	15.00	30.00	1.00	251.9423
3.00	15.00	30.00	1.00	252.7872
5.00	15.00	30.00	1.00	254.4513
7.00	15.00	30.00	1.00	256.8867
9.00	15.00	30.00	1.00	260.0291
11.00	15.00	30.00	1.00	263.8018
13.00	15.00	30.00	1.00	268.1160
1.00	16.00	30.00	1.00	271.3675
3.00	16.00	30.00	1.00	272.3392
5.00	16.00	30.00	1.00	274.2398
7.00	16.00	30.00	1.00	276.9936
9.00	16.00	30.00	1.00	280.5050
11.00	16.00	30.00	1.00	284.6692
13.00	16.00	30.00	1.00	289.3748
1.00	17.00	30.00	1.00	290.6530
3.00	17.00	30.00	1.00	291.7710
5.00	17.00	30.00	1.00	293.9408
7.00	17.00	30.00	1.00	297.0492
9.00	17.00	30.00	1.00	300.9627
11.00	17.00	30.00	1.00	305.5448
13.00	17.00	30.00	1.00	310.6615
1.00	18.00	30.00	1.00	309.8208
3.00	18.00	30.00	1.00	311.1052
5.00	18.00	30.00	1.00	313.5753
7.00	18.00	30.00	1.00	317.0706
9.00	18.00	30.00	1.00	321.4128
11.00	18.00	30.00	1.00	326.4323
13.00	18.00	30.00	1.00	331.9737
1.00	19.00	30.00	1.00	328.8892
3.00	19.00	30.00	1.00	330.3599
5.00	19.00	30.00	1.00	333.1600
7.00	19.00	30.00	1.00	337.0703
9.00	19.00	30.00	1.00	341.8624
11.00	19.00	30.00	1.00	347.3333
13.00	19.00	30.00	1.00	353.3082
1.00	20.00	30.00	1.00	347.8729
3.00	20.00	30.00	1.00	349.5502
5.00	20.00	30.00	1.00	352.7083
7.00	20.00	30.00	1.00	357.0577
9.00	20.00	30.00	1.00	362.3160
11.00	20.00	30.00	1.00	368.2479
13.00	20.00	30.00	1.00	374.6615
1.00	3.00	35.00	1.00	19.9485
1.00	5.00	35.00	1.00	48.6592
3.00	5.00	35.00	1.00	49.9231
5.00	6.00	35.00	1.00	70.3652
1.00	7.00	35.00	1.00	88.9425
3.00	7.00	35.00	1.00	89.6697
5.00	7.00	35.00	1.00	91.0792
1.00	8.00	35.00	1.00	111.5924
3.00	8.00	35.00	1.00	112.1771
5.00	8.00	35.00	1.00	113.3264
7.00	8.00	35.00	1.00	115.0042
1.00	9.00	35.00	1.00	134.6146
3.00	9.00	35.00	1.00	135.1163
5.00	9.00	35.00	1.00	136.1106
7.00	9.00	35.00	1.00	137.5812
9.00	9.00	35.00	1.00	139.5982
1.00	10.00	35.00	1.00	157.4973
3.00	10.00	35.00	1.00	157.9593
5.00	10.00	35.00	1.00	158.8794
7.00	10.00	35.00	1.00	160.2507
9.00	10.00	35.00	1.00	162.0627
11.00	10.00	35.00	1.00	164.5274
1.00	11.00	35.00	1.00	180.0533
3.00	11.00	35.00	1.00	180.5069
5.00	11.00	35.00	1.00	181.4126
7.00	11.00	35.00	1.00	182.7674
9.00	11.00	35.00	1.00	184.5663
11.00	11.00	35.00	1.00	186.8011
1.00	12.00	35.00	1.00	202.2510
3.00	12.00	35.00	1.00	202.7200
5.00	12.00	35.00	1.00	203.6569
7.00	12.00	35.00	1.00	205.0598
9.00	12.00	35.00	1.00	206.9243
11.00	12.00	35.00	1.00	209.2429
13.00	12.00	35.00	1.00	212.0273
1.00	13.00	35.00	1.00	224.1171
3.00	13.00	35.00	1.00	224.6207
5.00	13.00	35.00	1.00	225.6262
7.00	13.00	35.00	1.00	227.1296
9.00	13.00	35.00	1.00	229.1240
11.00	13.00	35.00	1.00	231.5980
13.00	13.00	35.00	1.00	234.5433
1.00	14.00	35.00	1.00	245.6944
3.00	14.00	35.00	1.00	246.2495
5.00	14.00	35.00	1.00	247.3557
7.00	14.00	35.00	1.00	249.0047
9.00	14.00	35.00	1.00	251.1831
11.00	14.00	35.00	1.00	253.8718
13.00	14.00	35.00	1.00	257.0441
1.00	15.00	35.00	1.00	267.0258
3.00	15.00	35.00	1.00	267.6480
5.00	15.00	35.00	1.00	268.8843
7.00	15.00	35.00	1.00	270.7188
9.00	15.00	35.00	1.00	273.1281
11.00	15.00	35.00	1.00	276.0813
13.00	15.00	35.00	1.00	279.5392
1.00	16.00	35.00	1.00	288.1494
3.00	16.00	35.00	1.00	288.8536
5.00	16.00	35.00	1.00	290.2477
7.00	16.00	35.00	1.00	292.3045
9.00	16.00	35.00	1.00	294.9858
11.00	16.00	35.00	1.00	298.2450
13.00	16.00	35.00	1.00	302.0277
1.00	17.00	35.00	1.00	309.0975
3.00	17.00	35.00	1.00	309.8985
5.00	17.00	35.00	1.00	311.4770
7.00	17.00	35.00	1.00	313.7898
9.00	17.00	35.00	1.00	316.7795
11.00	17.00	35.00	1.00	320.3796
13.00	17.00	35.00	1.00	324.5180
1.00	18.00	35.00	1.00	329.8970
3.00	18.00	35.00	1.00	330.8094
5.00	18.00	35.00	1.00	332.5981
7.00	18.00	35.00	1.00	335.1985
9.00	18.00	35.00	1.00	338.5284
11.00	18.00	35.00	1.00	342.4981
13.00	18.00	35.00	1.00	347.0163
1.00	19.00	35.00	1.00	350.5698
3.00	19.00	35.00	1.00	351.6086
5.00	19.00	35.00	1.00	353.6327
7.00	19.00	35.00	1.00	356.5499
9.00	19.00	35.00	1.00	360.2477
11.00	19.00	35.00	1.00	364.6103
13.00	19.00	35.00	1.00	369.5262
1.00	20.00	35.00	1.00	371.1343
3.00	20.00	35.00	1.00	372.3145
5.00	20.00	35.00	1.00	374.5987
7.00	20.00	35.00	1.00	377.8594
9.00	20.00	35.00	1.00	381.9489
11.00	20.00	35.00	1.00	386.7229
13.00	20.00	35.00	1.00	392.0499
1.00	3.00	40.00	1.00	19.9485
1.00	5.00	40.00	1.00	48.6659
3.00	5.00	40.00	1.00	49.9307
5.00	6.00	40.00	1.00	70.4898
1.00	7.00	40.00	1.00	89.4716
3.00	7.00	40.00	1.00	90.2017
5.00	7.00	40.00	1.00	91.6151
1.00	8.00	40.00	1.00	113.0847
3.00	8.00	40.00	1.00	113.6640
5.00	8.00	40.00	1.00	114.8009
7.00	8.00	40.00	1.00	116.4559
1.00	9.00	40.00	1.00	137.5289
3.00	9.00	40.00	1.00	138.0117
5.00	9.00	40.00	1.00	138.9669
7.00	9.00	40.00	1.00	140.3756
9.00	9.00	40.00	1.00	142.2122
1.00	10.00	40.00	1.00	162.0854
3.00	10.00	40.00	1.00	162.5130
5.00	10.00	40.00	1.00	163.3633
7.00	10.00	40.00	1.00	164.6275
9.00	10.00	40.00	1.00	166.2931
11.00	10.00	40.00	1.00	168.3796
1.00	11.00	40.00	1.00	186.4077
3.00	11.00	40.00	1.00	186.8103
5.00	11.00	40.00	1.00	187.6134
7.00	11.00	40.00	1.00	188.8132
9.00	11.00	40.00	1.00	190.4037
11.00	11.00	40.00	1.00	192.4418
1.00	12.00	40.00	1.00	210.3801
3.00	12.00	40.00	1.00	210.7802
5.00	12.00	40.00	1.00	211.5795
7.00	12.00	40.00	1.00	212.7763
9.00	12.00	40.00	1.00	214.3677
11.00	12.00	40.00	1.00	216.3489
13.00	12.00	40.00	1.00	218.7163
1.00	13.00	40.00	1.00	233.9933
3.00	13.00	40.00	1.00	234.4084
5.00	13.00	40.00	1.00	235.2379
7.00	13.00	40.00	1.00	236.4804
9.00	13.00	40.00	1.00	238.1334
11.00	13.00	40.00	1.00	240.1922
13.00	13.00	40.00	1.00	242.6495
1.00	14.00	40.00	1.00	257.2775
3.00	14.00	40.00	1.00	257.7221
5.00	14.00	40.00	1.00	258.6102
7.00	14.00	40.00	1.00	259.9389
9.00	14.00	40.00	1.00	261.7040
11.00	14.00	40.00	1.00	263.8983
13.00	14.00	40.00	1.00	266.5112
1.00	15.00	40.00	1.00	280.2739
3.00	15.00	40.00	1.00	280.7609
5.00	15.00	40.00	1.00	281.7323
7.00	15.00	40.00	1.00	283.1826
9.00	15.00	40.00	1.00	285.1033
11.00	15.00	40.00	1.00	287.4821
13.00	15.00	40.00	1.00	290.3026
1.00	16.00	40.00	1.00	303.0229
3.00	16.00	40.00	1.00	303.5643
5.00	16.00	40.00	1.00	304.6420
7.00	16.00	40.00	1.00	306.2458
9.00	16.00	40.00	1.00	308.3606
11.00	16.00	40.00	1.00	310.9664
13.00	16.00	40.00	1.00	314.0381
1.00	17.00	40.00	1.00	325.5605
3.00	17.00	40.00	1.00	326.1678
5.00	17.00	40.00	1.00	327.3736
7.00	17.00	40.00	1.00	329.1606
9.00	17.00	40.00	1.00	331.5044
11.00	17.00	40.00	1.00	334.3741
13.00	17.00	40.00	1.00	337.7338
1.00	18.00	40.00	1.00	347.9177
3.00	18.00	40.00	1.00	348.6023
5.00	18.00	40.00	1.00	349.9572
7.00	18.00	40.00	1.00	351.9554
9.00	18.00	40.00	1.00	354.5598
11.00	18.00	40.00	1.00	357.7258
13.00	18.00	40.00	1.00	361.4040
1.00	19.00	40.00	1.00	370.1203
3.00	19.00	40.00	1.00	370.8936
5.00	19.00	40.00	1.00	372.4183
7.00	19.00	40.00	1.00	374.6543
9.00	19.00	40.00	1.00	377.5481
11.00	19.00	40.00	1.00	381.0384
13.00	19.00	40.00	1.00	385.0605
1.00	20.00	40.00	1.00	392.1901
3.00	20.00	40.00	1.00	393.0635
5.00	20.00	40.00	1.00	394.7785
7.00	20.00	40.00	1.00	397.2775
9.00	20.00	40.00	1.00	400.4868
11.00	20.00	40.00	1.00	404.3255
13.00	20.00	40.00	1.00	408.7121
1.00	3.00	45.00	1.00	19.9485
1.00	5.00	45.00	1.00	48.6678
3.00	5.00	45.00	1.00	49.9329
5.00	6.00	45.00	1.00	70.5515
1.00	7.00	45.00	1.00	89.7457
3.00	7.00	45.00	1.00	90.4791
5.00	7.00	45.00	1.00	91.8982
1.00	8.00	45.00	1.00	114.0134
3.00	8.00	45.00	1.00	114.5928
5.00	8.00	45.00	1.00	115.7286
7.00	8.00	45.00	1.00	117.3793
1.00	9.00	45.00	1.00	139.5842
3.00	9.00	45.00	1.00	140.0587
5.00	9.00	45.00	1.00	140.9966
7.00	9.00	45.00	1.00	142.3770
9.00	9.00	45.00	1.00	144.1720
1.00	10.00	45.00	1.00	165.5968
3.00	10.00	45.00	1.00	166.0054
5.00	10.00	45.00	1.00	166.8172
7.00	10.00	45.00	1.00	168.0218
9.00	10.00	45.00	1.00	169.6048
11.00	10.00	45.00	1.00	171.5664
1.00	11.00	45.00	1.00	191.5369
3.00	11.00	45.00	1.00	191.9089
5.00	11.00	45.00	1.00	192.6505
7.00	11.00	45.00	1.00	193.7565
9.00	11.00	45.00	1.00	195.2199
11.00	11.00	45.00	1.00	197.0319
1.00	12.00	45.00	1.00	217.1790
3.00	12.00	45.00	1.00	217.5363
5.00	12.00	45.00	1.00	218.2496
7.00	12.00	45.00	1.00	219.3167
9.00	12.00	45.00	1.00	220.7343
11.00	12.00	45.00	1.00	222.4977
13.00	12.00	45.00	1.00	224.6010
1.00	13.00	45.00	1.00	242.4580
3.00	13.00	45.00	1.00	242.8170
5.00	13.00	45.00	1.00	243.5343
7.00	13.00	45.00	1.00	244.6089
9.00	13.00	45.00	1.00	246.0389
11.00	13.00	45.00	1.00	247.8216
13.00	13.00	45.00	1.00	249.9528
1.00	14.00	45.00	1.00	267.3801
3.00	14.00	45.00	1.00	267.7540
5.00	14.00	45.00	1.00	268.5012
7.00	14.00	45.00	1.00	269.6207
9.00	14.00	45.00	1.00	271.1108
11.00	14.00	45.00	1.00	272.9684
13.00	14.00	45.00	1.00	275.1888
1.00	15.00	45.00	1.00	291.9781
3.00	15.00	45.00	1.00	292.3781
5.00	15.00	45.00	1.00	293.1773
7.00	15.00	45.00	1.00	294.3736
9.00	15.00	45.00	1.00	295.9638
11.00	15.00	45.00	1.00	297.9432
13.00	15.00	45.00	1.00	300.3045
1.00	16.00	45.00	1.00	316.2915
3.00	16.00	45.00	1.00	316.7279
5.00	16.00	45.00	1.00	317.5986
7.00	16.00	45.00	1.00	318.8999
9.00	16.00	45.00	1.00	320.6255
11.00	16.00	45.00	1.00	322.7672
13.00	16.00	45.00	1.00	325.3134
1.00	17.00	45.00	1.00	340.3585
3.00	17.00	45.00	1.00	340.8406
5.00	17.00	45.00	1.00	341.8013
7.00	17.00	45.00	1.00	343.2333
9.00	17.00	45.00	1.00	345.1263
11.00	17.00	45.00	1.00	347.4661
13.00	17.00	45.00	1.00	350.2353
1.00	18.00	45.00	1.00	364.2132
3.00	18.00	45.00	1.00	364.7502
5.00	18.00	45.00	1.00	365.8182
7.00	18.00	45.00	1.00	367.4054
9.00	18.00	45.00	1.00	369.4948
11.00	18.00	45.00	1.00	372.0650
13.00	18.00	45.00	1.00	375.0903
1.00	19.00	45.00	1.00	387.8849
3.00	19.00	45.00	1.00	388.4858
5.00	19.00	45.00	1.00	389.6782
7.00	19.00	45.00	1.00	391.4437
9.00	19.00	45.00	1.00	393.7568
11.00	19.00	45.00	1.00	396.5863
13.00	19.00	45.00	1.00	399.8964
1.00	20.00	45.00	1.00	411.3984
3.00	20.00	45.00	1.00	412.0723
5.00	20.00	45.00	1.00	413.4059
7.00	20.00	45.00	1.00	415.3721
9.00	20.00	45.00	1.00	417.9343
11.00	20.00	45.00	1.00	421.0490
13.00	20.00	45.00	1.00	424.6687
1.00	3.00	50.00	1.00	19.9485
1.00	5.00	50.00	1.00	48.6683
3.00	5.00	50.00	1.00	49.9335
5.00	6.00	50.00	1.00	70.5742
1.00	7.00	50.00	1.00	89.8855
3.00	7.00	50.00	1.00	90.6214
5.00	7.00	50.00	1.00	92.0451
1.00	8.00	50.00	1.00	114.5800
3.00	8.00	50.00	1.00	115.1613
5.00	8.00	50.00	1.00	116.3002
7.00	8.00	50.00	1.00	117.9539
1.00	9.00	50.00	1.00	141.0103
3.00	9.00	50.00	1.00	141.4821
5.00	9.00	50.00	1.00	142.4139
7.00	9.00	50.00	1.00	143.7835
9.00	9.00	50.00	1.00	145.5611
1.00	10.00	50.00	1.00	168.2568
3.00	10.00	50.00	1.00	168.6554
5.00	10.00	50.00	1.00	169.4465
7.00	10.00	50.00	1.00	170.6187
9.00	10.00	50.00	1.00	172.1562
11.00	10.00	50.00	1.00	174.0402
1.00	11.00	50.00	1.00	195.6562
3.00	11.00	50.00	1.00	196.0097
5.00	11.00	50.00	1.00	196.7137
7.00	11.00	50.00	1.00	197.7623
9.00	11.00	50.00	1.00	199.1475
11.00	11.00	50.00	1.00	200.8590
13.00	11.00	50.00	1.00	203.3702
1.00	12.00	50.00	1.00	222.8574
3.00	12.00	50.00	1.00	223.1871
5.00	12.00	50.00	1.00	223.8450
7.00	12.00	50.00	1.00	224.8283
9.00	12.00	50.00	1.00	226.1329
11.00	12.00	50.00	1.00	227.7535
13.00	12.00	50.00	1.00	229.7048
1.00	13.00	50.00	1.00	249.7207
3.00	13.00	50.00	1.00	250.0426
5.00	13.00	50.00	1.00	250.6856
7.00	13.00	50.00	1.00	251.6485
9.00	13.00	50.00	1.00	252.9292
11.00	13.00	50.00	1.00	254.5251
13.00	13.00	50.00	1.00	256.4324
1.00	14.00	50.00	1.00	276.2152
3.00	14.00	50.00	1.00	276.5417
5.00	14.00	50.00	1.00	277.1943
7.00	14.00	50.00	1.00	278.1725
9.00	14.00	50.00	1.00	279.4748
11.00	14.00	50.00	1.00	281.0996
13.00	14.00	50.00	1.00	283.0440
1.00	15.00	50.00	1.00	302.3577
3.00	15.00	50.00	1.00	302.6992
5.00	15.00	50.00	1.00	303.3817
7.00	15.00	50.00	1.00	304.4044
9.00	15.00	50.00	1.00	305.7660
11.00	15.00	50.00	1.00	307.4643
13.00	15.00	50.00	1.00	309.4960
1.00	16.00	50.00	1.00	328.1826
3.00	16.00	50.00	1.00	328.5479
5.00	16.00	50.00	1.00	329.2778
7.00	16.00	50.00	1.00	330.3706
9.00	16.00	50.00	1.00	331.8238
11.00	16.00	50.00	1.00	333.6339
13.00	16.00	50.00	1.00	335.7957
1.00	17.00	50.00	1.00	353.7279
3.00	17.00	50.00	1.00	354.1252
5.00	17.00	50.00	1.00	354.9181
7.00	17.00	50.00	1.00	356.1039
9.00	17.00	50.00	1.00	357.6778
11.00	17.00	50.00	1.00	359.6334
13.00	17.00	50.00	1.00	361.9624
1.00	18.00	50.00	1.00	379.0295
3.00	18.00	50.00	1.00	379.4664
5.00	18.00	50.00	1.00	380.3374
7.00	18.00	50.00	1.00	381.6373
9.00	18.00	50.00	1.00	383.3582
11.00	18.00	50.00	1.00	385.4898
13.00	18.00	50.00	1.00	388.0191
1.00	19.00	50.00	1.00	404.1196
3.00	19.00	50.00	1.00	404.6034
5.00	19.00	50.00	1.00	405.5668
7.00	19.00	50.00	1.00	407.0010
9.00	19.00	50.00	1.00	408.8937
11.00	19.00	50.00	1.00	411.2290
13.00	19.00	50.00	1.00	413.9878
1.00	20.00	50.00	1.00	429.0259
3.00	20.00	50.00	1.00	429.5641
5.00	20.00	50.00	1.00	430.6337
7.00	20.00	50.00	1.00	432.2217
9.00	20.00	50.00	1.00	434.3095
11.00	20.00	50.00	1.00	436.8740
13.00	20.00	50.00	1.00	439.8885
1.00	3.00	5.00	1.50	21.0946
1.00	5.00	5.00	1.50	39.8902
1.00	6.00	5.00	1.50	35.6425
3.00	7.00	5.00	1.50	63.3889
1.00	8.00	5.00	1.50	67.3955
3.00	8.00	5.00	1.50	73.5811
1.00	9.00	5.00	1.50	63.2838
1.00	10.00	5.00	1.50	59.4041
1.00	11.00	5.00	1.50	59.3170
3.00	12.00	5.00	1.50	114.4705
1.00	13.00	5.00	1.50	113.1464
3.00	13.00	5.00	1.50	124.7057
1.00	14.00	5.00	1.50	110.4002
3.00	14.00	5.00	1.50	119.3375
1.00	15.00	5.00	1.50	105.4729
1.00	16.00	5.00	1.50	114.9929
1.00	17.00	5.00	1.50	124.5035
3.00	17.00	5.00	1.50	136.0560
1.00	18.00	5.00	1.50	133.9890
3.00	18.00	5.00	1.50	145.6592
1.00	19.00	5.00	1.50	143.4416
3.00	19.00	5.00	1.50	155.6750
1.00	20.00	5.00	1.50	152.8583
3.00	20.00	5.00	1.50	165.6287
1.00	3.00	10.00	1.50	22.3225
1.00	4.00	10.00	1.50	20.4696
3.00	5.00	10.00	1.50	49.1695
1.00	6.00	10.00	1.50	60.5650
3.00	6.00	10.00	1.50	62.0390
1.00	7.00	10.00	1.50	73.0645
3.00	7.00	10.00	1.50	74.8360
1.00	8.00	10.00	1.50	85.3605
3.00	8.00	10.00	1.50	87.5762
5.00	8.00	10.00	1.50	91.4775
1.00	9.00	10.00	1.50	97.5121
3.00	9.00	10.00	1.50	100.2913
5.00	9.00	10.00	1.50	104.8758
1.00	11.00	10.00	1.50	121.5474
3.00	11.00	10.00	1.50	125.7210
5.00	11.00	10.00	1.50	131.7893
1.00	12.00	10.00	1.50	104.5144
3.00	12.00	10.00	1.50	109.0809
5.00	12.00	10.00	1.50	116.5543
1.00	13.00	10.00	1.50	117.4914
3.00	13.00	10.00	1.50	121.7916
5.00	13.00	10.00	1.50	129.6081
1.00	14.00	10.00	1.50	130.4767
3.00	14.00	10.00	1.50	134.6240
5.00	14.00	10.00	1.50	142.4286
1.00	15.00	10.00	1.50	143.4109
3.00	15.00	10.00	1.50	147.5054
5.00	15.00	10.00	1.50	155.3731
1.00	16.00	10.00	1.50	156.2646
3.00	16.00	10.00	1.50	160.3939
5.00	16.00	10.00	1.50	168.4036
1.00	17.00	10.00	1.50	169.0264
3.00	17.00	10.00	1.50	173.2677
5.00	17.00	10.00	1.50	181.5079
1.00	18.00	10.00	1.50	181.6951
3.00	18.00	10.00	1.50	186.1169
5.00	18.00	10.00	1.50	194.6712
1.00	19.00	10.00	1.50	194.2747
3.00	19.00	10.00	1.50	198.9389
5.00	19.00	10.00	1.50	207.8820
1.00	20.00	10.00	1.50	206.7717
3.00	20.00	10.00	1.50	211.7350
5.00	20.00	10.00	1.50	221.1323
1.00	3.00	15.00	1.50	22.4161
1.00	5.00	15.00	1.50	51.1644
3.00	5.00	15.00	1.50	52.2676
1.00	7.00	15.00	1.50	82.2552
3.00	7.00	15.00	1.50	83.2246
5.00	7.00	15.00	1.50	85.1518
1.00	8.00	15.00	1.50	97.3989
3.00	8.00	15.00	1.50	98.4820
5.00	8.00	15.00	1.50	100.6200
1.00	9.00	15.00	1.50	112.2795
3.00	9.00	15.00	1.50	113.5612
5.00	9.00	15.00	1.50	116.0432
7.00	9.00	15.00	1.50	119.5594
1.00	10.00	15.00	1.50	126.9531
3.00	10.00	15.00	1.50	128.5082
5.00	10.00	15.00	1.50	131.4380
7.00	10.00	15.00	1.50	135.4513
1.00	11.00	15.00	1.50	141.4681
3.00	11.00	15.00	1.50	143.3653
5.00	11.00	15.00	1.50	146.8237
7.00	11.00	15.00	1.50	151.3940
1.00	12.00	15.00	1.50	155.8620
3.00	12.00	15.00	1.50	158.1653
5.00	12.00	15.00	1.50	162.2134
7.00	12.00	15.00	1.50	167.3755
9.00	12.00	15.00	1.50	173.0159
1.00	13.00	15.00	1.50	170.1631
3.00	13.00	15.00	1.50	172.9317
5.00	13.00	15.00	1.50	177.6136
7.00	13.00	15.00	1.50	183.3867
9.00	13.00	15.00	1.50	189.5532
1.00	14.00	15.00	1.50	184.3929
3.00	14.00	15.00	1.50	187.6805
5.00	14.00	15.00	1.50	193.0264
7.00	14.00	15.00	1.50	199.4202
9.00	14.00	15.00	1.50	206.1157
1.00	15.00	15.00	1.50	198.5676
3.00	15.00	15.00	1.50	202.4220
5.00	15.00	15.00	1.50	208.4513
7.00	15.00	15.00	1.50	215.4699
9.00	15.00	15.00	1.50	222.6974
1.00	16.00	15.00	1.50	212.6998
3.00	16.00	15.00	1.50	217.1625
5.00	16.00	15.00	1.50	223.8865
7.00	16.00	15.00	1.50	231.5313
9.00	16.00	15.00	1.50	239.2930
1.00	17.00	15.00	1.50	226.7993
3.00	17.00	15.00	1.50	231.9055
5.00	17.00	15.00	1.50	239.3301
7.00	17.00	15.00	1.50	247.6009
9.00	17.00	15.00	1.50	255.8988
3.00	18.00	15.00	1.50	203.3185
5.00	18.00	15.00	1.50	208.9943
7.00	18.00	15.00	1.50	217.1801
1.00	19.00	15.00	1.50	254.9291
3.00	19.00	15.00	1.50	261.4045
5.00	19.00	15.00	1.50	270.2347
7.00	19.00	15.00	1.50	279.7561
9.00	19.00	15.00	1.50	268.9878
1.00	20.00	15.00	1.50	231.4215
3.00	20.00	15.00	1.50	234.2822
5.00	20.00	15.00	1.50	239.9620
7.00	20.00	15.00	1.50	248.2791
9.00	20.00	15.00	1.50	257.3619
1.00	3.00	20.00	1.50	22.4219
1.00	4.00	20.00	1.50	20.4945
3.00	5.00	20.00	1.50	53.5181
1.00	6.00	20.00	1.50	70.1187
3.00	6.00	20.00	1.50	70.9621
5.00	6.00	20.00	1.50	72.7005
1.00	7.00	20.00	1.50	88.0196
3.00	7.00	20.00	1.50	88.7643
5.00	7.00	20.00	1.50	90.2378
1.00	8.00	20.00	1.50	105.6937
3.00	8.00	20.00	1.50	106.4301
5.00	8.00	20.00	1.50	107.8982
7.00	8.00	20.00	1.50	110.0832
1.00	9.00	20.00	1.50	123.0511
3.00	9.00	20.00	1.50	123.8447
5.00	9.00	20.00	1.50	125.4250
7.00	9.00	20.00	1.50	127.7717
1.00	10.00	20.00	1.50	140.1185
3.00	10.00	20.00	1.50	141.0219
5.00	10.00	20.00	1.50	142.8077
7.00	10.00	20.00	1.50	145.4300
1.00	11.00	20.00	1.50	156.9465
3.00	11.00	20.00	1.50	158.0061
5.00	11.00	20.00	1.50	160.0756
7.00	11.00	20.00	1.50	163.0623
9.00	11.00	20.00	1.50	166.8323
1.00	12.00	20.00	1.50	173.5825
3.00	12.00	20.00	1.50	174.8420
5.00	12.00	20.00	1.50	177.2631
7.00	12.00	20.00	1.50	180.6834
9.00	12.00	20.00	1.50	184.9059
1.00	13.00	20.00	1.50	190.0654
3.00	13.00	20.00	1.50	191.5670
5.00	13.00	20.00	1.50	194.3990
7.00	13.00	20.00	1.50	198.3059
9.00	13.00	20.00	1.50	203.0190
11.00	13.00	20.00	1.50	208.2395
1.00	14.00	20.00	1.50	206.4260
3.00	14.00	20.00	1.50	208.2109
5.00	14.00	20.00	1.50	211.5050
7.00	14.00	20.00	1.50	215.9377
9.00	14.00	20.00	1.50	221.1655
11.00	14.00	20.00	1.50	226.8496
1.00	15.00	20.00	1.50	222.6882
3.00	15.00	20.00	1.50	224.7965
5.00	15.00	20.00	1.50	228.5965
7.00	15.00	20.00	1.50	233.5825
9.00	15.00	20.00	1.50	239.3394
11.00	15.00	20.00	1.50	245.4981
1.00	16.00	20.00	1.50	238.8708
3.00	16.00	20.00	1.50	241.3415
5.00	16.00	20.00	1.50	245.6834
7.00	16.00	20.00	1.50	251.2412
9.00	16.00	20.00	1.50	257.5352
11.00	16.00	20.00	1.50	264.1729
1.00	17.00	20.00	1.50	254.9886
3.00	17.00	20.00	1.50	257.8590
5.00	17.00	20.00	1.50	262.7716
7.00	17.00	20.00	1.50	268.9130
9.00	17.00	20.00	1.50	275.7479
11.00	17.00	20.00	1.50	282.8672
1.00	18.00	20.00	1.50	271.0534
3.00	18.00	20.00	1.50	274.3589
5.00	18.00	20.00	1.50	279.8645
7.00	18.00	20.00	1.50	286.5961
9.00	18.00	20.00	1.50	293.9735
11.00	18.00	20.00	1.50	301.5760
1.00	19.00	20.00	1.50	287.0747
3.00	19.00	20.00	1.50	290.8483
5.00	19.00	20.00	1.50	296.9635
7.00	19.00	20.00	1.50	304.2885
9.00	19.00	20.00	1.50	312.2088
11.00	19.00	20.00	1.50	320.2957
1.00	20.00	20.00	1.50	303.0602
3.00	20.00	20.00	1.50	307.3323
5.00	20.00	20.00	1.50	314.0688
7.00	20.00	20.00	1.50	321.9884
9.00	20.00	20.00	1.50	330.4512
11.00	20.00	20.00	1.50	339.0235
1.00	3.00	25.00	1.50	22.4223
1.00	4.00	25.00	1.50	20.4632
3.00	5.00	25.00	1.50	53.9631
1.00	6.00	25.00	1.50	71.7757
3.00	6.00	25.00	1.50	72.5932
5.00	6.00	25.00	1.50	74.1676
1.00	7.00	25.00	1.50	91.5760
3.00	7.00	25.00	1.50	92.2462
5.00	7.00	25.00	1.50	93.5632
1.00	8.00	25.00	1.50	111.4436
3.00	8.00	25.00	1.50	112.0485
5.00	8.00	25.00	1.50	113.2502
7.00	8.00	25.00	1.50	115.0334
1.00	9.00	25.00	1.50	131.0494
3.00	9.00	25.00	1.50	131.6473
5.00	9.00	25.00	1.50	132.8406
7.00	9.00	25.00	1.50	134.6227
9.00	9.00	25.00	1.50	137.0452
1.00	10.00	25.00	1.50	150.3277
3.00	10.00	25.00	1.50	150.9618
5.00	10.00	25.00	1.50	152.2275
7.00	10.00	25.00	1.50	154.1170
9.00	10.00	25.00	1.50	156.6133
1.00	11.00	25.00	1.50	169.3032
3.00	11.00	25.00	1.50	170.0088
5.00	11.00	25.00	1.50	171.4120
7.00	11.00	25.00	1.50	173.4954
9.00	11.00	25.00	1.50	176.2277
11.00	11.00	25.00	1.50	179.5633
1.00	12.00	25.00	1.50	188.0220
3.00	12.00	25.00	1.50	188.8301
5.00	12.00	25.00	1.50	190.4272
7.00	12.00	25.00	1.50	192.7759
9.00	12.00	25.00	1.50	195.8203
11.00	12.00	25.00	1.50	199.4811
1.00	13.00	25.00	1.50	206.5291
3.00	13.00	25.00	1.50	207.4690
5.00	13.00	25.00	1.50	209.3107
7.00	13.00	25.00	1.50	211.9854
9.00	13.00	25.00	1.50	215.4018
11.00	13.00	25.00	1.50	219.4482
1.00	14.00	25.00	1.50	224.8631
3.00	14.00	25.00	1.50	225.9631
5.00	14.00	25.00	1.50	228.0962
7.00	14.00	25.00	1.50	231.1485
9.00	14.00	25.00	1.50	234.9833
11.00	14.00	25.00	1.50	239.4525
13.00	14.00	25.00	1.50	244.3854
1.00	15.00	25.00	1.50	243.0550
3.00	15.00	25.00	1.50	244.3435
5.00	15.00	25.00	1.50	246.8113
7.00	15.00	25.00	1.50	250.2846
9.00	15.00	25.00	1.50	254.5729
11.00	15.00	25.00	1.50	259.4903
13.00	15.00	25.00	1.50	264.8390
1.00	16.00	25.00	1.50	261.1300
3.00	16.00	25.00	1.50	262.6351
5.00	16.00	25.00	1.50	265.4776
7.00	16.00	25.00	1.50	269.4077
9.00	16.00	25.00	1.50	274.1753
11.00	16.00	25.00	1.50	279.5574
13.00	16.00	25.00	1.50	285.3362
1.00	17.00	25.00	1.50	279.1081
3.00	17.00	25.00	1.50	280.8579
5.00	17.00	25.00	1.50	284.1115
7.00	17.00	25.00	1.50	288.5274
9.00	17.00	25.00	1.50	293.7922
11.00	17.00	25.00	1.50	299.6493
13.00	17.00	25.00	1.50	305.8645
1.00	18.00	25.00	1.50	297.0054
3.00	18.00	25.00	1.50	299.0280
5.00	18.00	25.00	1.50	302.7255
7.00	18.00	25.00	1.50	307.6496
9.00	18.00	25.00	1.50	313.4236
11.00	18.00	25.00	1.50	319.7616
13.00	18.00	25.00	1.50	326.4168
1.00	19.00	25.00	1.50	314.8350
3.00	19.00	25.00	1.50	317.1579
5.00	19.00	25.00	1.50	321.3282
7.00	19.00	25.00	1.50	326.7776
9.00	19.00	25.00	1.50	333.0683
11.00	19.00	25.00	1.50	339.8904
13.00	19.00	25.00	1.50	346.9876
1.00	20.00	25.00	1.50	332.6075
3.00	20.00	25.00	1.50	335.2580
5.00	20.00	25.00	1.50	339.9259
7.00	20.00	25.00	1.50	345.9129
9.00	20.00	25.00	1.50	352.7246
11.00	20.00	25.00	1.50	360.0321
13.00	20.00	25.00	1.50	367.5726
1.00	3.00	30.00	1.50	22.4223
1.00	4.00	30.00	1.50	20.4643
3.00	5.00	30.00	1.50	54.1107
1.00	6.00	30.00	1.50	72.5588
3.00	6.00	30.00	1.50	73.3749
5.00	6.00	30.00	1.50	74.9558
1.00	7.00	30.00	1.50	93.7019
3.00	7.00	30.00	1.50	94.3481
5.00	7.00	30.00	1.50	95.6122
7.00	7.00	30.00	1.50	97.6314
1.00	8.00	30.00	1.50	115.3883
3.00	8.00	30.00	1.50	115.9381
5.00	8.00	30.00	1.50	117.0260
7.00	8.00	30.00	1.50	118.6310
1.00	9.00	30.00	1.50	137.0044
3.00	9.00	30.00	1.50	137.5122
5.00	9.00	30.00	1.50	138.5234
7.00	9.00	30.00	1.50	140.0297
9.00	9.00	30.00	1.50	142.0753
1.00	10.00	30.00	1.50	158.3256
3.00	10.00	30.00	1.50	158.8306
5.00	10.00	30.00	1.50	159.8394
7.00	10.00	30.00	1.50	161.3482
9.00	10.00	30.00	1.50	163.3549
11.00	10.00	30.00	1.50	165.9025
1.00	11.00	30.00	1.50	179.3120
3.00	11.00	30.00	1.50	179.8444
5.00	11.00	30.00	1.50	180.9079
7.00	11.00	30.00	1.50	182.4985
9.00	11.00	30.00	1.50	184.6087
11.00	11.00	30.00	1.50	187.2233
1.00	12.00	30.00	1.50	199.9900
3.00	12.00	30.00	1.50	200.5745
5.00	12.00	30.00	1.50	201.7398
7.00	12.00	30.00	1.50	203.4771
9.00	12.00	30.00	1.50	205.7717
11.00	12.00	30.00	1.50	208.5994
13.00	12.00	30.00	1.50	211.9211
1.00	13.00	30.00	1.50	220.4024
3.00	13.00	30.00	1.50	221.0613
5.00	13.00	30.00	1.50	222.3697
7.00	13.00	30.00	1.50	224.3092
9.00	13.00	30.00	1.50	226.8516
11.00	13.00	30.00	1.50	229.9579
13.00	13.00	30.00	1.50	233.5735
1.00	14.00	30.00	1.50	240.5920
3.00	14.00	30.00	1.50	241.3458
5.00	14.00	30.00	1.50	242.8353
7.00	14.00	30.00	1.50	245.0259
9.00	14.00	30.00	1.50	247.8696
11.00	14.00	30.00	1.50	251.3065
13.00	14.00	30.00	1.50	255.2627
1.00	15.00	30.00	1.50	260.5956
3.00	15.00	30.00	1.50	261.4647
5.00	15.00	30.00	1.50	263.1709
7.00	15.00	30.00	1.50	265.6565
9.00	15.00	30.00	1.50	268.8463
11.00	15.00	30.00	1.50	272.6548
13.00	15.00	30.00	1.50	276.9871
1.00	16.00	30.00	1.50	280.4442
3.00	16.00	30.00	1.50	281.4486
5.00	16.00	30.00	1.50	283.4057
7.00	16.00	30.00	1.50	286.2256
9.00	16.00	30.00	1.50	289.7989
11.00	16.00	30.00	1.50	294.0105
13.00	16.00	30.00	1.50	298.7430
1.00	17.00	30.00	1.50	300.1629
3.00	17.00	30.00	1.50	301.3229
5.00	17.00	30.00	1.50	303.5635
7.00	17.00	30.00	1.50	306.7528
9.00	17.00	30.00	1.50	310.7402
11.00	17.00	30.00	1.50	315.3785
13.00	17.00	30.00	1.50	320.5282
1.00	18.00	30.00	1.50	319.7722
3.00	18.00	30.00	1.50	321.1083
5.00	18.00	30.00	1.50	323.6635
7.00	18.00	30.00	1.50	327.2530
9.00	18.00	30.00	1.50	331.6791
11.00	18.00	30.00	1.50	336.7612
13.00	18.00	30.00	1.50	342.3395
1.00	19.00	30.00	1.50	339.2890
3.00	19.00	30.00	1.50	340.8217
5.00	19.00	30.00	1.50	343.7211
7.00	19.00	30.00	1.50	347.7376
9.00	19.00	30.00	1.50	352.6213
11.00	19.00	30.00	1.50	358.1591
13.00	19.00	30.00	1.50	364.1731
1.00	20.00	30.00	1.50	358.7269
3.00	20.00	30.00	1.50	360.4771
5.00	20.00	30.00	1.50	363.7483
7.00	20.00	30.00	1.50	368.2144
9.00	20.00	30.00	1.50	373.5702
11.00	20.00	30.00	1.50	379.5715
13.00	20.00	30.00	1.50	386.0256
1.00	3.00	35.00	1.50	22.4223
1.00	4.00	35.00	1.50	20.2550
1.00	5.00	35.00	1.50	27.5754
3.00	6.00	35.00	1.50	73.7322
5.00	6.00	35.00	1.50	75.3247
1.00	7.00	35.00	1.50	94.9289
3.00	7.00	35.00	1.50	95.5695
5.00	7.00	35.00	1.50	96.8197
7.00	7.00	35.00	1.50	98.6273
1.00	8.00	35.00	1.50	118.0447
3.00	8.00	35.00	1.50	118.5713
5.00	8.00	35.00	1.50	119.6106
7.00	8.00	35.00	1.50	121.1374
1.00	9.00	35.00	1.50	141.4111
3.00	9.00	35.00	1.50	141.8743
5.00	9.00	35.00	1.50	142.7947
7.00	9.00	35.00	1.50	144.1612
9.00	9.00	35.00	1.50	145.9583
1.00	10.00	35.00	1.50	164.6022
3.00	10.00	35.00	1.50	165.0392
5.00	10.00	35.00	1.50	165.9110
7.00	10.00	35.00	1.50	167.2130
9.00	10.00	35.00	1.50	168.9384
1.00	11.00	35.00	1.50	187.4724
3.00	11.00	35.00	1.50	187.9109
5.00	11.00	35.00	1.50	188.7871
7.00	11.00	35.00	1.50	190.0990
9.00	11.00	35.00	1.50	191.8428
11.00	11.00	35.00	1.50	194.0122
13.00	11.00	35.00	1.50	196.6238
1.00	12.00	35.00	1.50	210.0041
3.00	12.00	35.00	1.50	210.4657
5.00	12.00	35.00	1.50	211.3881
7.00	12.00	35.00	1.50	212.7689
9.00	12.00	35.00	1.50	214.6039
11.00	12.00	35.00	1.50	216.8852
13.00	12.00	35.00	1.50	219.6060
1.00	13.00	35.00	1.50	232.2260
3.00	13.00	35.00	1.50	232.7290
5.00	13.00	35.00	1.50	233.7326
7.00	13.00	35.00	1.50	235.2318
9.00	13.00	35.00	1.50	237.2181
11.00	13.00	35.00	1.50	239.6783
13.00	13.00	35.00	1.50	242.5925
1.00	14.00	35.00	1.50	254.1789
3.00	14.00	35.00	1.50	254.7396
5.00	14.00	35.00	1.50	255.8556
7.00	14.00	35.00	1.50	257.5164
9.00	14.00	35.00	1.50	259.7055
11.00	14.00	35.00	1.50	262.4004
13.00	14.00	35.00	1.50	265.5712
1.00	15.00	35.00	1.50	275.9030
3.00	15.00	35.00	1.50	276.5368
5.00	15.00	35.00	1.50	277.7942
7.00	15.00	35.00	1.50	279.6555
9.00	15.00	35.00	1.50	282.0923
11.00	15.00	35.00	1.50	285.0688
13.00	15.00	35.00	1.50	288.5415
1.00	16.00	35.00	1.50	297.4335
3.00	16.00	35.00	1.50	298.1555
5.00	16.00	35.00	1.50	299.5819
7.00	16.00	35.00	1.50	301.6797
9.00	16.00	35.00	1.50	304.4039
11.00	16.00	35.00	1.50	307.7012
13.00	16.00	35.00	1.50	311.5119
1.00	17.00	35.00	1.50	318.8004
3.00	17.00	35.00	1.50	319.6256
5.00	17.00	35.00	1.50	321.2477
7.00	17.00	35.00	1.50	323.6153
9.00	17.00	35.00	1.50	326.6618
11.00	17.00	35.00	1.50	330.3125
13.00	17.00	35.00	1.50	334.4895
1.00	18.00	35.00	1.50	340.0285
3.00	18.00	35.00	1.50	340.9720
5.00	18.00	35.00	1.50	342.8158
7.00	18.00	35.00	1.50	345.4842
9.00	18.00	35.00	1.50	348.8834
11.00	18.00	35.00	1.50	352.9143
13.00	18.00	35.00	1.50	357.4790
1.00	19.00	35.00	1.50	361.1383
3.00	19.00	35.00	1.50	362.2153
5.00	19.00	35.00	1.50	364.3063
7.00	19.00	35.00	1.50	367.3042
9.00	19.00	35.00	1.50	371.0825
11.00	19.00	35.00	1.50	375.5147
13.00	19.00	35.00	1.50	380.4832
1.00	20.00	35.00	1.50	382.1468
3.00	20.00	35.00	1.50	383.3728
5.00	20.00	35.00	1.50	385.7358
7.00	20.00	35.00	1.50	389.0893
9.00	20.00	35.00	1.50	393.2689
11.00	20.00	35.00	1.50	398.1192
13.00	20.00	35.00	1.50	403.5030
1.00	3.00	40.00	1.50	22.4223
1.00	4.00	40.00	1.50	20.2512
3.00	5.00	40.00	1.50	54.1730
1.00	6.00	40.00	1.50	73.0678
3.00	6.00	40.00	1.50	73.8906
5.00	6.00	40.00	1.50	75.5001
1.00	7.00	40.00	1.50	95.6153
3.00	7.00	40.00	1.50	96.2567
5.00	7.00	40.00	1.50	97.5068
7.00	7.00	40.00	1.50	99.3083
1.00	8.00	40.00	1.50	119.7950
3.00	8.00	40.00	1.50	120.3129
5.00	8.00	40.00	1.50	121.3334
7.00	8.00	40.00	1.50	122.8284
9.00	8.00	40.00	1.50	124.7897
1.00	9.00	40.00	1.50	144.6357
3.00	9.00	40.00	1.50	145.0765
5.00	9.00	40.00	1.50	145.9511
7.00	9.00	40.00	1.50	147.2459
9.00	9.00	40.00	1.50	148.9429
1.00	10.00	40.00	1.50	169.5109
3.00	10.00	40.00	1.50	169.9102
5.00	10.00	40.00	1.50	170.7055
7.00	10.00	40.00	1.50	171.8908
9.00	10.00	40.00	1.50	173.4576
11.00	10.00	40.00	1.50	175.3950
1.00	11.00	40.00	1.50	194.1360
3.00	11.00	40.00	1.50	194.5200
5.00	11.00	40.00	1.50	195.2867
7.00	11.00	40.00	1.50	196.4336
9.00	11.00	40.00	1.50	197.9568
11.00	11.00	40.00	1.50	199.8686
1.00	12.00	40.00	1.50	218.4229
3.00	12.00	40.00	1.50	218.8116
5.00	12.00	40.00	1.50	219.5885
7.00	12.00	40.00	1.50	220.7524
9.00	12.00	40.00	1.50	222.3011
11.00	12.00	40.00	1.50	224.2308
13.00	12.00	40.00	1.50	226.5354
1.00	13.00	40.00	1.50	242.3705
3.00	13.00	40.00	1.50	242.7801
5.00	13.00	40.00	1.50	243.5986
7.00	13.00	40.00	1.50	244.8245
9.00	13.00	40.00	1.50	246.4550
11.00	13.00	40.00	1.50	248.4854
13.00	13.00	40.00	1.50	250.9079
1.00	14.00	40.00	1.50	266.0101
3.00	14.00	40.00	1.50	266.4544
5.00	14.00	40.00	1.50	267.3413
7.00	14.00	40.00	1.50	268.6675
9.00	14.00	40.00	1.50	270.4275
11.00	14.00	40.00	1.50	272.6128
13.00	14.00	40.00	1.50	275.2116
1.00	15.00	40.00	1.50	289.3807
3.00	15.00	40.00	1.50	289.8721
5.00	15.00	40.00	1.50	290.8517
7.00	15.00	40.00	1.50	292.3122
9.00	15.00	40.00	1.50	294.2433
11.00	15.00	40.00	1.50	296.6304
13.00	15.00	40.00	1.50	299.4544
1.00	16.00	40.00	1.50	312.5200
3.00	16.00	40.00	1.50	313.0706
5.00	16.00	40.00	1.50	314.1653
7.00	16.00	40.00	1.50	315.7916
9.00	16.00	40.00	1.50	317.9311
11.00	16.00	40.00	1.50	320.5604
13.00	16.00	40.00	1.50	323.6509
1.00	17.00	40.00	1.50	335.4618
3.00	17.00	40.00	1.50	336.0831
5.00	17.00	40.00	1.50	337.3148
7.00	17.00	40.00	1.50	339.1360
9.00	17.00	40.00	1.50	341.5179
11.00	17.00	40.00	1.50	344.4248
13.00	17.00	40.00	1.50	347.8163
1.00	18.00	40.00	1.50	358.2346
3.00	18.00	40.00	1.50	358.9382
5.00	18.00	40.00	1.50	360.3280
7.00	18.00	40.00	1.50	362.3721
9.00	18.00	40.00	1.50	365.0271
11.00	18.00	40.00	1.50	368.2425
13.00	18.00	40.00	1.50	371.9636
1.00	19.00	40.00	1.50	380.8627
3.00	19.00	40.00	1.50	381.6601
5.00	19.00	40.00	1.50	383.2290
7.00	19.00	40.00	1.50	385.5223
9.00	19.00	40.00	1.50	388.4786
11.00	19.00	40.00	1.50	392.0291
13.00	19.00	40.00	1.50	396.1033
1.00	20.00	40.00	1.50	403.3660
3.00	20.00	40.00	1.50	404.2691
5.00	20.00	40.00	1.50	406.0378
7.00	20.00	40.00	1.50	408.6055
9.00	20.00	40.00	1.50	411.8883
11.00	20.00	40.00	1.50	415.7967
13.00	20.00	40.00	1.50	420.2428
1.00	3.00	45.00	1.50	22.4223
1.00	4.00	45.00	1.50	20.2277
3.00	5.00	45.00	1.50	54.1777
1.00	6.00	45.00	1.50	73.1347
3.00	6.00	45.00	1.50	73.9596
5.00	6.00	45.00	1.50	75.6027
1.00	7.00	45.00	1.50	95.9900
3.00	7.00	45.00	1.50	96.6338
5.00	7.00	45.00	1.50	97.8877
7.00	7.00	45.00	1.50	99.7474
1.00	8.00	45.00	1.50	120.9239
3.00	8.00	45.00	1.50	121.4398
5.00	8.00	45.00	1.50	122.4551
7.00	8.00	45.00	1.50	123.9401
9.00	8.00	45.00	1.50	125.8558
1.00	9.00	45.00	1.50	146.9633
3.00	9.00	45.00	1.50	147.3934
5.00	9.00	45.00	1.50	148.2456
7.00	9.00	45.00	1.50	149.5049
9.00	9.00	45.00	1.50	151.1509
11.00	9.00	45.00	1.50	153.4493
1.00	10.00	45.00	1.50	173.3243
3.00	10.00	45.00	1.50	173.7021
5.00	10.00	45.00	1.50	174.4539
7.00	10.00	45.00	1.50	175.5724
9.00	10.00	45.00	1.50	177.0473
11.00	10.00	45.00	1.50	178.8660
1.00	11.00	45.00	1.50	199.5679
3.00	11.00	45.00	1.50	199.9188
5.00	11.00	45.00	1.50	200.6190
7.00	11.00	45.00	1.50	201.6649
9.00	11.00	45.00	1.50	203.0518
11.00	11.00	45.00	1.50	204.7734
13.00	11.00	45.00	1.50	207.2092
1.00	12.00	45.00	1.50	225.5112
3.00	12.00	45.00	1.50	225.8544
5.00	12.00	45.00	1.50	226.5400
7.00	12.00	45.00	1.50	227.5667
9.00	12.00	45.00	1.50	228.9320
11.00	12.00	45.00	1.50	230.6330
13.00	12.00	45.00	1.50	232.6656
1.00	13.00	45.00	1.50	251.1064
3.00	13.00	45.00	1.50	251.4568
5.00	13.00	45.00	1.50	252.1571
7.00	13.00	45.00	1.50	253.2066
9.00	13.00	45.00	1.50	254.6039
11.00	13.00	45.00	1.50	256.3466
13.00	13.00	45.00	1.50	258.4309
1.00	14.00	45.00	1.50	276.3648
3.00	14.00	45.00	1.50	276.7346
5.00	14.00	45.00	1.50	277.4738
7.00	14.00	45.00	1.50	278.5811
9.00	14.00	45.00	1.50	280.0545
11.00	14.00	45.00	1.50	281.8908
13.00	14.00	45.00	1.50	284.0850
1.00	15.00	45.00	1.50	301.3189
3.00	15.00	45.00	1.50	301.7190
5.00	15.00	45.00	1.50	302.5180
7.00	15.00	45.00	1.50	303.7134
9.00	15.00	45.00	1.50	305.3011
11.00	15.00	45.00	1.50	307.2754
13.00	15.00	45.00	1.50	309.6282
1.00	16.00	45.00	1.50	326.0063
3.00	16.00	45.00	1.50	326.4465
5.00	16.00	45.00	1.50	327.3245
7.00	16.00	45.00	1.50	328.6352
9.00	16.00	45.00	1.50	330.3713
11.00	16.00	45.00	1.50	332.5225
13.00	16.00	45.00	1.50	335.0757
1.00	17.00	45.00	1.50	350.4627
3.00	17.00	45.00	1.50	350.9524
5.00	17.00	45.00	1.50	351.9275
7.00	17.00	45.00	1.50	353.3791
9.00	17.00	45.00	1.50	355.2945
11.00	17.00	45.00	1.50	357.6572
13.00	17.00	45.00	1.50	360.4471
1.00	18.00	45.00	1.50	374.7198
3.00	18.00	45.00	1.50	375.2683
5.00	18.00	45.00	1.50	376.3579
7.00	18.00	45.00	1.50	377.9745
9.00	18.00	45.00	1.50	380.0979
11.00	18.00	45.00	1.50	382.7033
13.00	18.00	45.00	1.50	385.7615
1.00	19.00	45.00	1.50	398.8051
3.00	19.00	45.00	1.50	399.4215
5.00	19.00	45.00	1.50	400.6428
7.00	19.00	45.00	1.50	402.4475
9.00	19.00	45.00	1.50	404.8058
11.00	19.00	45.00	1.50	407.6817
13.00	19.00	45.00	1.50	411.0356
1.00	20.00	45.00	1.50	422.7418
3.00	20.00	45.00	1.50	423.4353
5.00	20.00	45.00	1.50	424.8053
7.00	20.00	45.00	1.50	426.8205
9.00	20.00	45.00	1.50	429.4385
11.00	20.00	45.00	1.50	432.6102
13.00	20.00	45.00	1.50	436.2831
1.00	3.00	50.00	1.50	22.4223
1.00	4.00	50.00	1.50	20.2591
3.00	5.00	50.00	1.50	54.1792
1.00	6.00	50.00	1.50	73.1634
3.00	6.00	50.00	1.50	73.9894
5.00	6.00	50.00	1.50	75.5852
1.00	7.00	50.00	1.50	96.1910
3.00	7.00	50.00	1.50	96.8371
5.00	7.00	50.00	1.50	98.0950
7.00	7.00	50.00	1.50	99.9851
1.00	8.00	50.00	1.50	121.6385
3.00	8.00	50.00	1.50	122.1550
5.00	8.00	50.00	1.50	123.1711
7.00	8.00	50.00	1.50	124.6552
9.00	8.00	50.00	1.50	126.5664
1.00	9.00	50.00	1.50	148.6194
3.00	9.00	50.00	1.50	149.0450
5.00	9.00	50.00	1.50	149.8875
7.00	9.00	50.00	1.50	151.1307
9.00	9.00	50.00	1.50	152.7526
11.00	9.00	50.00	1.50	154.7745
1.00	10.00	50.00	1.50	176.2612
3.00	10.00	50.00	1.50	176.6270
5.00	10.00	50.00	1.50	177.3542
7.00	10.00	50.00	1.50	178.4347
9.00	10.00	50.00	1.50	179.8567
11.00	10.00	50.00	1.50	181.6604
13.00	10.00	50.00	1.50	183.9835
1.00	11.00	50.00	1.50	203.9781
3.00	11.00	50.00	1.50	204.3086
5.00	11.00	50.00	1.50	204.9674
7.00	11.00	50.00	1.50	205.9505
9.00	11.00	50.00	1.50	207.2519
11.00	11.00	50.00	1.50	208.8643
13.00	11.00	50.00	1.50	210.7792
1.00	12.00	50.00	1.50	231.4752
3.00	12.00	50.00	1.50	231.7889
5.00	12.00	50.00	1.50	232.4153
7.00	12.00	50.00	1.50	233.3526
9.00	12.00	50.00	1.50	234.5978
11.00	12.00	50.00	1.50	236.1472
13.00	12.00	50.00	1.50	238.0140
1.00	13.00	50.00	1.50	258.6407
3.00	13.00	50.00	1.50	258.9518
5.00	13.00	50.00	1.50	259.5738
7.00	13.00	50.00	1.50	260.5056
9.00	13.00	50.00	1.50	261.7460
11.00	13.00	50.00	1.50	263.2929
13.00	13.00	50.00	1.50	265.1436
1.00	14.00	50.00	1.50	285.4544
3.00	14.00	50.00	1.50	285.7745
5.00	14.00	50.00	1.50	286.4144
7.00	14.00	50.00	1.50	287.3735
9.00	14.00	50.00	1.50	288.6509
11.00	14.00	50.00	1.50	290.2449
13.00	14.00	50.00	1.50	292.1529
1.00	15.00	50.00	1.50	311.9359
3.00	15.00	50.00	1.50	312.2746
5.00	15.00	50.00	1.50	312.9514
7.00	15.00	50.00	1.50	313.9655
9.00	15.00	50.00	1.50	315.3152
11.00	15.00	50.00	1.50	316.9981
13.00	15.00	50.00	1.50	319.0107
1.00	16.00	50.00	1.50	338.1187
3.00	16.00	50.00	1.50	338.4845
5.00	16.00	50.00	1.50	339.2150
7.00	16.00	50.00	1.50	340.3084
9.00	16.00	50.00	1.50	341.7614
11.00	16.00	50.00	1.50	343.5698
13.00	16.00	50.00	1.50	345.7274
1.00	17.00	50.00	1.50	364.0386
3.00	17.00	50.00	1.50	364.4394
5.00	17.00	50.00	1.50	365.2392
7.00	17.00	50.00	1.50	366.4341
9.00	17.00	50.00	1.50	368.0186
11.00	17.00	50.00	1.50	369.9849
13.00	17.00	50.00	1.50	372.3233
1.00	18.00	50.00	1.50	389.7294
3.00	18.00	50.00	1.50	390.1729
5.00	18.00	50.00	1.50	391.0567
7.00	18.00	50.00	1.50	392.3741
9.00	18.00	50.00	1.50	394.1159
11.00	18.00	50.00	1.50	396.2697
13.00	18.00	50.00	1.50	398.8205
1.00	19.00	50.00	1.50	415.2212
3.00	19.00	50.00	1.50	415.7149
5.00	19.00	50.00	1.50	416.6969
7.00	19.00	50.00	1.50	418.1569
9.00	19.00	50.00	1.50	420.0804
11.00	19.00	50.00	1.50	422.4488
13.00	19.00	50.00	1.50	425.2403
1.00	20.00	50.00	1.50	440.5400
3.00	20.00	50.00	1.50	441.0912
5.00	20.00	50.00	1.50	442.1856
7.00	20.00	50.00	1.50	443.8077
9.00	20.00	50.00	1.50	445.9360
11.00	20.00	50.00	1.50	448.5438
13.00	20.00	50.00	1.50	451.6012
1.00	3.00	5.00	2.00	23.0798
1.00	4.00	5.00	2.00	23.0307
1.00	6.00	5.00	2.00	52.4352
3.00	6.00	5.00	2.00	56.6336
1.00	7.00	5.00	2.00	49.4266
1.00	8.00	5.00	2.00	48.8570
3.00	9.00	5.00	2.00	88.7057
1.00	10.00	5.00	2.00	91.0012
3.00	10.00	5.00	2.00	99.4263
1.00	11.00	5.00	2.00	89.1145
3.00	11.00	5.00	2.00	96.0092
1.00	12.00	5.00	2.00	85.6341
1.00	13.00	5.00	2.00	83.9442
1.00	14.00	5.00	2.00	84.6609
1.00	15.00	5.00	2.00	88.2197
1.00	16.00	5.00	2.00	108.0692
1.00	17.00	5.00	2.00	117.6339
3.00	18.00	5.00	2.00	185.3236
1.00	19.00	5.00	2.00	177.9399
3.00	19.00	5.00	2.00	180.5584
1.00	3.00	10.00	2.00	24.6490
1.00	4.00	10.00	2.00	23.0344
3.00	5.00	10.00	2.00	52.3975
1.00	6.00	10.00	2.00	64.2626
3.00	6.00	10.00	2.00	65.7193
1.00	8.00	10.00	2.00	89.9014
3.00	8.00	10.00	2.00	92.1913
5.00	8.00	10.00	2.00	96.1246
1.00	9.00	10.00	2.00	73.9471
3.00	9.00	10.00	2.00	79.1871
1.00	10.00	10.00	2.00	86.7205
3.00	10.00	10.00	2.00	91.4557
1.00	11.00	10.00	2.00	99.8766
3.00	11.00	10.00	2.00	104.2159
1.00	12.00	10.00	2.00	113.2234
3.00	12.00	10.00	2.00	117.2857
5.00	12.00	10.00	2.00	124.4384
1.00	13.00	10.00	2.00	126.6288
3.00	13.00	10.00	2.00	130.5263
5.00	13.00	10.00	2.00	137.8304
1.00	14.00	10.00	2.00	140.0132
3.00	14.00	10.00	2.00	143.8466
5.00	14.00	10.00	2.00	151.2154
1.00	15.00	10.00	2.00	153.3344
3.00	15.00	10.00	2.00	157.1924
5.00	15.00	10.00	2.00	164.6907
1.00	16.00	10.00	2.00	166.5732
3.00	16.00	10.00	2.00	170.5342
5.00	16.00	10.00	2.00	178.2498
1.00	17.00	10.00	2.00	179.7238
3.00	17.00	10.00	2.00	183.8578
5.00	17.00	10.00	2.00	191.8762
1.00	18.00	10.00	2.00	192.7878
3.00	18.00	10.00	2.00	197.1580
5.00	18.00	10.00	2.00	205.5564
1.00	19.00	10.00	2.00	205.7704
3.00	19.00	10.00	2.00	210.4347
5.00	19.00	10.00	2.00	219.2807
1.00	20.00	10.00	2.00	218.6783
3.00	20.00	10.00	2.00	223.6904
5.00	20.00	10.00	2.00	233.0424
1.00	2.00	15.00	2.00	13.3953
1.00	4.00	15.00	2.00	39.1007
3.00	5.00	15.00	2.00	55.8818
1.00	6.00	15.00	2.00	70.9317
3.00	6.00	15.00	2.00	71.8297
1.00	7.00	15.00	2.00	86.7428
3.00	7.00	15.00	2.00	87.6855
5.00	7.00	15.00	2.00	89.5600
1.00	8.00	15.00	2.00	102.2706
3.00	8.00	15.00	2.00	103.3560
5.00	8.00	15.00	2.00	105.4875
1.00	9.00	15.00	2.00	117.5570
3.00	9.00	15.00	2.00	118.8670
5.00	9.00	15.00	2.00	121.3798
7.00	9.00	15.00	2.00	124.8976
1.00	10.00	15.00	2.00	132.6549
3.00	10.00	15.00	2.00	134.2636
5.00	10.00	15.00	2.00	137.2549
7.00	10.00	15.00	2.00	141.2948
1.00	11.00	15.00	2.00	147.6090
3.00	11.00	15.00	2.00	149.5851
5.00	11.00	15.00	2.00	153.1296
7.00	11.00	15.00	2.00	157.7409
1.00	12.00	15.00	2.00	162.4535
3.00	12.00	15.00	2.00	164.8609
5.00	12.00	15.00	2.00	169.0139
7.00	12.00	15.00	2.00	174.2251
9.00	12.00	15.00	2.00	179.8596
1.00	13.00	15.00	2.00	177.2143
3.00	13.00	15.00	2.00	180.1117
5.00	13.00	15.00	2.00	184.9119
7.00	13.00	15.00	2.00	190.7380
9.00	13.00	15.00	2.00	196.9009
1.00	14.00	15.00	2.00	191.9112
3.00	14.00	15.00	2.00	195.3510
5.00	14.00	15.00	2.00	200.8240
7.00	14.00	15.00	2.00	207.2722
9.00	14.00	15.00	2.00	213.9653
1.00	15.00	15.00	2.00	202.1373
3.00	15.00	15.00	2.00	199.9859
5.00	15.00	15.00	2.00	201.1061
7.00	16.00	15.00	2.00	240.3819
9.00	16.00	15.00	2.00	248.1431
1.00	17.00	15.00	2.00	235.7511
3.00	17.00	15.00	2.00	241.0677
5.00	17.00	15.00	2.00	248.6267
7.00	17.00	15.00	2.00	256.9499
5.00	18.00	15.00	2.00	220.8263
7.00	18.00	15.00	2.00	228.6098
1.00	19.00	15.00	2.00	264.8555
3.00	19.00	15.00	2.00	271.5675
5.00	19.00	15.00	2.00	280.5291
7.00	19.00	15.00	2.00	290.1011
5.00	20.00	15.00	2.00	252.7285
7.00	20.00	15.00	2.00	260.7624
9.00	20.00	15.00	2.00	270.1115
1.00	2.00	20.00	2.00	13.4017
1.00	4.00	20.00	2.00	39.4236
3.00	5.00	20.00	2.00	57.4085
1.00	6.00	20.00	2.00	74.6236
3.00	6.00	20.00	2.00	75.3847
5.00	6.00	20.00	2.00	76.8751
1.00	7.00	20.00	2.00	92.8937
3.00	7.00	20.00	2.00	93.5909
5.00	7.00	20.00	2.00	94.9764
1.00	8.00	20.00	2.00	110.9215
3.00	8.00	20.00	2.00	111.6343
5.00	8.00	20.00	2.00	113.0567
7.00	8.00	20.00	2.00	115.1767
1.00	9.00	20.00	2.00	128.6483
3.00	9.00	20.00	2.00	129.4369
5.00	9.00	20.00	2.00	131.0046
7.00	9.00	20.00	2.00	133.3266
1.00	10.00	20.00	2.00	146.1062
3.00	10.00	20.00	2.00	147.0210
5.00	10.00	20.00	2.00	148.8221
7.00	10.00	20.00	2.00	151.4520
9.00	10.00	20.00	2.00	154.8156
1.00	11.00	20.00	2.00	163.3433
3.00	11.00	20.00	2.00	164.4303
5.00	11.00	20.00	2.00	166.5404
7.00	11.00	20.00	2.00	169.5609
9.00	11.00	20.00	2.00	173.3422
1.00	12.00	20.00	2.00	180.4039
3.00	12.00	20.00	2.00	181.7071
5.00	12.00	20.00	2.00	184.1918
7.00	12.00	20.00	2.00	187.6670
9.00	12.00	20.00	2.00	191.9162
11.00	12.00	20.00	2.00	196.6760
1.00	13.00	20.00	2.00	197.3237
3.00	13.00	20.00	2.00	198.8859
5.00	13.00	20.00	2.00	201.8027
7.00	13.00	20.00	2.00	205.7808
9.00	13.00	20.00	2.00	210.5307
11.00	13.00	20.00	2.00	215.7432
1.00	14.00	20.00	2.00	214.1312
3.00	14.00	20.00	2.00	215.9941
5.00	14.00	20.00	2.00	219.3923
7.00	14.00	20.00	2.00	223.9080
9.00	14.00	20.00	2.00	229.1787
11.00	14.00	20.00	2.00	234.8662
1.00	15.00	20.00	2.00	230.8483
3.00	15.00	20.00	2.00	233.0529
5.00	15.00	20.00	2.00	236.9735
7.00	15.00	20.00	2.00	242.0506
9.00	15.00	20.00	2.00	247.8537
11.00	15.00	20.00	2.00	254.0177
1.00	16.00	20.00	2.00	247.4924
3.00	16.00	20.00	2.00	250.0780
5.00	16.00	20.00	2.00	254.5544
7.00	16.00	20.00	2.00	260.2084
9.00	16.00	20.00	2.00	266.5499
11.00	16.00	20.00	2.00	273.1939
1.00	17.00	20.00	2.00	264.0773
3.00	17.00	20.00	2.00	267.0812
5.00	17.00	20.00	2.00	272.1395
7.00	17.00	20.00	2.00	278.3796
9.00	17.00	20.00	2.00	285.2623
11.00	17.00	20.00	2.00	292.3885
1.00	18.00	20.00	2.00	280.6137
3.00	18.00	20.00	2.00	284.0711
5.00	18.00	20.00	2.00	289.7309
7.00	18.00	20.00	2.00	296.5622
9.00	18.00	20.00	2.00	303.9869
11.00	18.00	20.00	2.00	311.5967
1.00	19.00	20.00	2.00	297.1107
3.00	19.00	20.00	2.00	301.0539
5.00	19.00	20.00	2.00	307.3295
7.00	19.00	20.00	2.00	314.7538
9.00	19.00	20.00	2.00	322.7206
11.00	19.00	20.00	2.00	330.8152
1.00	20.00	20.00	2.00	313.5752
3.00	20.00	20.00	2.00	318.0338
5.00	20.00	20.00	2.00	324.9348
7.00	20.00	20.00	2.00	332.9526
9.00	20.00	20.00	2.00	341.4611
11.00	20.00	20.00	2.00	350.0416
1.00	2.00	25.00	2.00	13.3955
1.00	4.00	25.00	2.00	39.4929
3.00	5.00	25.00	2.00	58.0043
1.00	6.00	25.00	2.00	76.5780
3.00	6.00	25.00	2.00	77.3037
5.00	6.00	25.00	2.00	78.7141
1.00	7.00	25.00	2.00	96.8069
3.00	7.00	25.00	2.00	97.4191
5.00	7.00	25.00	2.00	98.6285
7.00	7.00	25.00	2.00	100.4212
1.00	8.00	25.00	2.00	117.0267
3.00	8.00	25.00	2.00	117.5966
5.00	8.00	25.00	2.00	118.7318
7.00	8.00	25.00	2.00	120.4225
1.00	9.00	25.00	2.00	136.9774
3.00	9.00	25.00	2.00	137.5566
5.00	9.00	25.00	2.00	138.7132
7.00	9.00	25.00	2.00	140.4427
9.00	9.00	25.00	2.00	142.7329
1.00	10.00	25.00	2.00	156.6167
3.00	10.00	25.00	2.00	157.2448
5.00	10.00	25.00	2.00	158.4975
7.00	10.00	25.00	2.00	160.3656
9.00	10.00	25.00	2.00	162.8311
1.00	11.00	25.00	2.00	175.9733
3.00	11.00	25.00	2.00	176.6841
5.00	11.00	25.00	2.00	178.0947
7.00	11.00	25.00	2.00	180.1828
9.00	11.00	25.00	2.00	182.9111
11.00	11.00	25.00	2.00	186.2206
1.00	12.00	25.00	2.00	195.0916
3.00	12.00	25.00	2.00	195.9157
5.00	12.00	25.00	2.00	197.5391
7.00	12.00	25.00	2.00	199.9152
9.00	12.00	25.00	2.00	202.9784
11.00	12.00	25.00	2.00	206.6413
1.00	13.00	25.00	2.00	214.0137
3.00	13.00	25.00	2.00	214.9805
5.00	13.00	25.00	2.00	216.8666
7.00	13.00	25.00	2.00	219.5889
9.00	13.00	25.00	2.00	223.0424
11.00	13.00	25.00	2.00	227.1063
13.00	13.00	25.00	2.00	231.6280
1.00	14.00	25.00	2.00	232.7753
3.00	14.00	25.00	2.00	233.9137
5.00	14.00	25.00	2.00	236.1087
7.00	14.00	25.00	2.00	239.2263
9.00	14.00	25.00	2.00	243.1128
11.00	14.00	25.00	2.00	247.6100
13.00	14.00	25.00	2.00	252.5412
1.00	15.00	25.00	2.00	251.4052
3.00	15.00	25.00	2.00	252.7441
5.00	15.00	25.00	2.00	255.2910
7.00	15.00	25.00	2.00	258.8449
9.00	15.00	25.00	2.00	263.1958
11.00	15.00	25.00	2.00	268.1482
13.00	15.00	25.00	2.00	273.5035
1.00	16.00	25.00	2.00	269.9267
3.00	16.00	25.00	2.00	271.4949
5.00	16.00	25.00	2.00	274.4329
7.00	16.00	25.00	2.00	278.4565
9.00	16.00	25.00	2.00	283.2945
11.00	16.00	25.00	2.00	288.7160
13.00	16.00	25.00	2.00	294.5041
1.00	17.00	25.00	2.00	288.3583
3.00	17.00	25.00	2.00	290.1846
5.00	17.00	25.00	2.00	293.5494
7.00	17.00	25.00	2.00	298.0691
9.00	17.00	25.00	2.00	303.4095
11.00	17.00	25.00	2.00	309.3084
13.00	17.00	25.00	2.00	315.5344
1.00	18.00	25.00	2.00	306.7150
3.00	18.00	25.00	2.00	308.8280
5.00	18.00	25.00	2.00	312.6511
7.00	18.00	25.00	2.00	317.6872
9.00	18.00	25.00	2.00	323.5398
11.00	18.00	25.00	2.00	329.9207
13.00	18.00	25.00	2.00	336.5876
1.00	19.00	25.00	2.00	325.0089
3.00	19.00	25.00	2.00	327.4369
5.00	19.00	25.00	2.00	331.7457
7.00	19.00	25.00	2.00	337.3129
9.00	19.00	25.00	2.00	343.6838
11.00	19.00	25.00	2.00	350.5490
13.00	19.00	25.00	2.00	357.6582
1.00	20.00	25.00	2.00	343.2499
3.00	20.00	25.00	2.00	346.0203
5.00	20.00	25.00	2.00	350.8382
7.00	20.00	25.00	2.00	356.9471
9.00	20.00	25.00	2.00	363.8393
11.00	20.00	25.00	2.00	371.1896
13.00	20.00	25.00	2.00	378.7423
1.00	3.00	30.00	2.00	24.8235
1.00	4.00	30.00	2.00	23.0344
3.00	5.00	30.00	2.00	58.2211
1.00	6.00	30.00	2.00	77.5611
3.00	6.00	30.00	2.00	78.2807
5.00	6.00	30.00	2.00	79.6737
1.00	7.00	30.00	2.00	99.2334
3.00	7.00	30.00	2.00	99.8154
5.00	7.00	30.00	2.00	100.9599
7.00	7.00	30.00	2.00	102.7569
1.00	8.00	30.00	2.00	121.3066
3.00	8.00	30.00	2.00	121.8148
5.00	8.00	30.00	2.00	122.8236
7.00	8.00	30.00	2.00	124.3189
1.00	9.00	30.00	2.00	143.2617
3.00	9.00	30.00	2.00	143.7436
5.00	9.00	30.00	2.00	144.7047
7.00	9.00	30.00	2.00	146.1400
9.00	9.00	30.00	2.00	148.0679
11.00	9.00	30.00	2.00	150.4136
1.00	10.00	30.00	2.00	164.9224
3.00	10.00	30.00	2.00	165.4130
5.00	10.00	30.00	2.00	166.3932
7.00	10.00	30.00	2.00	167.8606
9.00	10.00	30.00	2.00	169.8097
11.00	10.00	30.00	2.00	172.2596
1.00	11.00	30.00	2.00	186.2650
3.00	11.00	30.00	2.00	186.7921
5.00	11.00	30.00	2.00	187.8444
7.00	11.00	30.00	2.00	189.4175
9.00	11.00	30.00	2.00	191.5025
11.00	11.00	30.00	2.00	194.0831
1.00	12.00	30.00	2.00	207.3185
3.00	12.00	30.00	2.00	207.9059
5.00	12.00	30.00	2.00	209.0752
7.00	12.00	30.00	2.00	210.8155
9.00	12.00	30.00	2.00	213.1084
11.00	12.00	30.00	2.00	215.9266
13.00	12.00	30.00	2.00	219.2281
1.00	13.00	30.00	2.00	228.1244
3.00	13.00	30.00	2.00	228.7937
5.00	13.00	30.00	2.00	230.1204
7.00	13.00	30.00	2.00	232.0812
9.00	13.00	30.00	2.00	234.6424
11.00	13.00	30.00	2.00	237.7591
13.00	13.00	30.00	2.00	241.3717
1.00	14.00	30.00	2.00	248.7225
3.00	14.00	30.00	2.00	249.4946
5.00	14.00	30.00	2.00	251.0162
7.00	14.00	30.00	2.00	253.2452
9.00	14.00	30.00	2.00	256.1252
11.00	14.00	30.00	2.00	259.5888
13.00	14.00	30.00	2.00	263.5575
1.00	15.00	30.00	2.00	269.1473
3.00	15.00	30.00	2.00	270.0428
5.00	15.00	30.00	2.00	271.7949
7.00	15.00	30.00	2.00	274.3349
9.00	15.00	30.00	2.00	277.5762
11.00	15.00	30.00	2.00	281.4243
13.00	15.00	30.00	2.00	285.7787
1.00	16.00	30.00	2.00	289.4275
3.00	16.00	30.00	2.00	290.4669
5.00	16.00	30.00	2.00	292.4837
7.00	16.00	30.00	2.00	295.3729
9.00	16.00	30.00	2.00	299.0107
11.00	16.00	30.00	2.00	303.2718
13.00	16.00	30.00	2.00	308.0336
1.00	17.00	30.00	2.00	309.5865
3.00	17.00	30.00	2.00	310.7906
5.00	17.00	30.00	2.00	313.1048
7.00	17.00	30.00	2.00	316.3770
9.00	17.00	30.00	2.00	320.4397
11.00	17.00	30.00	2.00	325.1349
13.00	17.00	30.00	2.00	330.3187
1.00	18.00	30.00	2.00	329.6434
3.00	18.00	30.00	2.00	331.0332
5.00	18.00	30.00	2.00	333.6759
7.00	18.00	30.00	2.00	337.3607
9.00	18.00	30.00	2.00	341.8705
11.00	18.00	30.00	2.00	347.0147
13.00	18.00	30.00	2.00	352.6301
1.00	19.00	30.00	2.00	349.6138
3.00	19.00	30.00	2.00	351.2106
5.00	19.00	30.00	2.00	354.2110
7.00	19.00	30.00	2.00	358.3337
9.00	19.00	30.00	2.00	363.3077
11.00	19.00	30.00	2.00	368.9109
13.00	19.00	30.00	2.00	374.9638
1.00	20.00	30.00	2.00	369.5107
3.00	20.00	30.00	2.00	371.3357
5.00	20.00	30.00	2.00	374.7212
7.00	20.00	30.00	2.00	379.3027
9.00	20.00	30.00	2.00	384.7536
11.00	20.00	30.00	2.00	390.8223
13.00	20.00	30.00	2.00	397.3158
1.00	3.00	35.00	2.00	24.8235
1.00	4.00	35.00	2.00	23.0344
3.00	5.00	35.00	2.00	58.2971
1.00	6.00	35.00	2.00	78.0348
3.00	6.00	35.00	2.00	78.7559
5.00	6.00	35.00	2.00	80.1495
1.00	7.00	35.00	2.00	100.6930
3.00	7.00	35.00	2.00	101.2656
5.00	7.00	35.00	2.00	102.3888
7.00	7.00	35.00	2.00	104.0240
1.00	8.00	35.00	2.00	124.2621
3.00	8.00	35.00	2.00	124.7428
5.00	8.00	35.00	2.00	125.6945
7.00	8.00	35.00	2.00	127.0995
1.00	9.00	35.00	2.00	147.9847
3.00	9.00	35.00	2.00	148.4175
5.00	9.00	35.00	2.00	149.2792
7.00	9.00	35.00	2.00	150.5623
9.00	9.00	35.00	2.00	152.2562
1.00	10.00	35.00	2.00	171.5059
3.00	10.00	35.00	2.00	171.9236
5.00	10.00	35.00	2.00	172.7576
7.00	10.00	35.00	2.00	174.0051
9.00	10.00	35.00	2.00	175.6616
11.00	10.00	35.00	2.00	177.7199
1.00	11.00	35.00	2.00	194.7127
3.00	11.00	35.00	2.00	195.1402
5.00	11.00	35.00	2.00	195.9946
7.00	11.00	35.00	2.00	197.2744
9.00	11.00	35.00	2.00	198.9765
11.00	11.00	35.00	2.00	201.0954
13.00	11.00	35.00	2.00	203.7534
1.00	12.00	35.00	2.00	217.5983
3.00	12.00	35.00	2.00	218.0557
5.00	12.00	35.00	2.00	218.9693
7.00	12.00	35.00	2.00	220.3365
9.00	12.00	35.00	2.00	222.1522
11.00	12.00	35.00	2.00	224.4078
13.00	12.00	35.00	2.00	227.0892
1.00	13.00	35.00	2.00	240.1927
3.00	13.00	35.00	2.00	240.6975
5.00	13.00	35.00	2.00	241.7041
7.00	13.00	35.00	2.00	243.2057
9.00	13.00	35.00	2.00	245.1920
11.00	13.00	35.00	2.00	247.6475
13.00	13.00	35.00	2.00	250.5501
1.00	14.00	35.00	2.00	262.5353
3.00	14.00	35.00	2.00	263.1036
5.00	14.00	35.00	2.00	264.2336
7.00	14.00	35.00	2.00	265.9116
9.00	14.00	35.00	2.00	268.1178
11.00	14.00	35.00	2.00	270.8260
13.00	14.00	35.00	2.00	274.0027
1.00	15.00	35.00	2.00	284.6637
3.00	15.00	35.00	2.00	285.3110
5.00	15.00	35.00	2.00	286.5931
7.00	15.00	35.00	2.00	288.4857
9.00	15.00	35.00	2.00	290.9552
11.00	15.00	35.00	2.00	293.9605
13.00	15.00	35.00	2.00	297.4535
1.00	16.00	35.00	2.00	306.6110
3.00	16.00	35.00	2.00	307.3525
5.00	16.00	35.00	2.00	308.8144
7.00	16.00	35.00	2.00	310.9570
9.00	16.00	35.00	2.00	313.7281
11.00	16.00	35.00	2.00	317.0675
13.00	16.00	35.00	2.00	320.9100
1.00	17.00	35.00	2.00	328.4050
3.00	17.00	35.00	2.00	329.2561
5.00	17.00	35.00	2.00	330.9246
7.00	17.00	35.00	2.00	333.3501
9.00	17.00	35.00	2.00	336.4564
11.00	17.00	35.00	2.00	340.1604
13.00	17.00	35.00	2.00	344.3783
1.00	18.00	35.00	2.00	350.0688
3.00	18.00	35.00	2.00	351.0450
5.00	18.00	35.00	2.00	352.9465
7.00	18.00	35.00	2.00	355.6855
9.00	18.00	35.00	2.00	359.1560
11.00	18.00	35.00	2.00	363.2494
13.00	18.00	35.00	2.00	367.8618
1.00	19.00	35.00	2.00	371.6218
3.00	19.00	35.00	2.00	372.7386
5.00	19.00	35.00	2.00	374.8988
7.00	19.00	35.00	2.00	377.9792
9.00	19.00	35.00	2.00	381.8389
11.00	19.00	35.00	2.00	386.3411
13.00	19.00	35.00	2.00	391.3624
1.00	20.00	35.00	2.00	393.0796
3.00	20.00	35.00	2.00	394.3532
5.00	20.00	35.00	2.00	396.7969
7.00	20.00	35.00	2.00	400.2443
9.00	20.00	35.00	2.00	404.5140
11.00	20.00	35.00	2.00	409.4400
13.00	20.00	35.00	2.00	414.8799
1.00	2.00	40.00	2.00	13.3789
1.00	4.00	40.00	2.00	39.5107
3.00	5.00	40.00	2.00	58.3233
1.00	6.00	40.00	2.00	78.2564
3.00	6.00	40.00	2.00	78.9801
5.00	6.00	40.00	2.00	80.3776
1.00	7.00	40.00	2.00	101.5461
3.00	7.00	40.00	2.00	102.1173
5.00	7.00	40.00	2.00	103.2362
7.00	7.00	40.00	2.00	104.8669
1.00	8.00	40.00	2.00	126.2652
3.00	8.00	40.00	2.00	126.7342
5.00	8.00	40.00	2.00	127.6613
7.00	8.00	40.00	2.00	129.0261
9.00	8.00	40.00	2.00	130.8124
1.00	9.00	40.00	2.00	151.5027
3.00	9.00	40.00	2.00	151.9100
5.00	9.00	40.00	2.00	152.7197
7.00	9.00	40.00	2.00	153.9223
9.00	9.00	40.00	2.00	155.5047
11.00	9.00	40.00	2.00	157.4577
1.00	10.00	40.00	2.00	176.7136
3.00	10.00	40.00	2.00	177.0903
5.00	10.00	40.00	2.00	177.8416
7.00	10.00	40.00	2.00	178.9634
9.00	10.00	40.00	2.00	180.4499
11.00	10.00	40.00	2.00	182.3410
1.00	11.00	40.00	2.00	201.6636
3.00	11.00	40.00	2.00	202.0330
5.00	11.00	40.00	2.00	202.7711
7.00	11.00	40.00	2.00	203.8763
9.00	11.00	40.00	2.00	205.3459
11.00	11.00	40.00	2.00	207.1761
13.00	11.00	40.00	2.00	209.3606
1.00	12.00	40.00	2.00	226.2862
3.00	12.00	40.00	2.00	226.6666
5.00	12.00	40.00	2.00	227.4270
7.00	12.00	40.00	2.00	228.5663
9.00	12.00	40.00	2.00	230.0829
11.00	12.00	40.00	2.00	231.9731
13.00	12.00	40.00	2.00	234.2314
1.00	13.00	40.00	2.00	250.5872
3.00	13.00	40.00	2.00	250.9937
5.00	13.00	40.00	2.00	251.8057
7.00	13.00	40.00	2.00	253.0216
9.00	13.00	40.00	2.00	254.6378
11.00	13.00	40.00	2.00	256.6491
13.00	13.00	40.00	2.00	259.0472
1.00	14.00	40.00	2.00	274.5980
3.00	14.00	40.00	2.00	275.0439
5.00	14.00	40.00	2.00	275.9335
7.00	14.00	40.00	2.00	277.2625
9.00	14.00	40.00	2.00	279.0240
11.00	14.00	40.00	2.00	281.2080
13.00	14.00	40.00	2.00	283.8010
1.00	15.00	40.00	2.00	298.3562
3.00	15.00	40.00	2.00	298.8538
5.00	15.00	40.00	2.00	299.8446
7.00	15.00	40.00	2.00	301.3200
9.00	15.00	40.00	2.00	303.2669
11.00	15.00	40.00	2.00	305.6683
13.00	15.00	40.00	2.00	308.5025
1.00	16.00	40.00	2.00	321.8973
3.00	16.00	40.00	2.00	322.4585
5.00	16.00	40.00	2.00	323.5731
7.00	16.00	40.00	2.00	325.2257
9.00	16.00	40.00	2.00	327.3944
11.00	16.00	40.00	2.00	330.0520
13.00	16.00	40.00	2.00	333.1664
1.00	17.00	40.00	2.00	345.2528
3.00	17.00	40.00	2.00	345.8894
5.00	17.00	40.00	2.00	347.1496
7.00	17.00	40.00	2.00	349.0085
9.00	17.00	40.00	2.00	351.4321
11.00	17.00	40.00	2.00	354.3799
13.00	17.00	40.00	2.00	357.8070
1.00	18.00	40.00	2.00	368.4495
3.00	18.00	40.00	2.00	369.1733
5.00	18.00	40.00	2.00	370.6005
7.00	18.00	40.00	2.00	372.6933
9.00	18.00	40.00	2.00	375.4020
11.00	18.00	40.00	2.00	378.6695
13.00	18.00	40.00	2.00	382.4361
1.00	19.00	40.00	2.00	391.5099
3.00	19.00	40.00	2.00	392.3328
5.00	19.00	40.00	2.00	393.9482
7.00	19.00	40.00	2.00	396.3014
9.00	19.00	40.00	2.00	399.3223
11.00	19.00	40.00	2.00	402.9349
13.00	19.00	40.00	2.00	407.0627
1.00	20.00	40.00	2.00	414.4531
3.00	20.00	40.00	2.00	415.3872
5.00	20.00	40.00	2.00	417.2118
7.00	20.00	40.00	2.00	419.8501
9.00	20.00	40.00	2.00	423.2079
11.00	20.00	40.00	2.00	427.1870
13.00	20.00	40.00	2.00	431.6932
1.00	3.00	45.00	2.00	24.8235
1.00	4.00	45.00	2.00	23.0344
3.00	5.00	45.00	2.00	58.3323
1.00	6.00	45.00	2.00	78.3580
3.00	6.00	45.00	2.00	79.0838
5.00	6.00	45.00	2.00	80.4849
1.00	7.00	45.00	2.00	102.0329
3.00	7.00	45.00	2.00	102.6054
5.00	7.00	45.00	2.00	103.7261
7.00	7.00	45.00	2.00	105.4052
1.00	8.00	45.00	2.00	127.5971
3.00	8.00	45.00	2.00	128.0620
5.00	8.00	45.00	2.00	128.9800
7.00	8.00	45.00	2.00	130.3289
9.00	8.00	45.00	2.00	132.0792
1.00	9.00	45.00	2.00	154.0927
3.00	9.00	45.00	2.00	154.4870
5.00	9.00	45.00	2.00	155.2698
7.00	9.00	45.00	2.00	156.4302
9.00	9.00	45.00	2.00	157.9531
11.00	9.00	45.00	2.00	159.9203
1.00	10.00	45.00	2.00	180.8114
3.00	10.00	45.00	2.00	181.1643
5.00	10.00	45.00	2.00	181.8675
7.00	10.00	45.00	2.00	182.9158
9.00	10.00	45.00	2.00	184.3018
11.00	10.00	45.00	2.00	186.0764
13.00	10.00	45.00	2.00	188.3469
1.00	11.00	45.00	2.00	207.3782
3.00	11.00	45.00	2.00	207.7121
5.00	11.00	45.00	2.00	208.3789
7.00	11.00	45.00	2.00	209.3762
9.00	11.00	45.00	2.00	210.7008
11.00	11.00	45.00	2.00	212.3483
13.00	11.00	45.00	2.00	214.3128
1.00	12.00	45.00	2.00	233.6443
3.00	12.00	45.00	2.00	233.9765
5.00	12.00	45.00	2.00	234.6404
7.00	12.00	45.00	2.00	235.6350
9.00	12.00	45.00	2.00	236.9589
11.00	12.00	45.00	2.00	238.6098
13.00	12.00	45.00	2.00	240.5941
1.00	13.00	45.00	2.00	259.5760
3.00	13.00	45.00	2.00	259.9201
5.00	13.00	45.00	2.00	260.6080
7.00	13.00	45.00	2.00	261.6390
9.00	13.00	45.00	2.00	263.0118
11.00	13.00	45.00	2.00	264.7241
13.00	13.00	45.00	2.00	266.7724
1.00	14.00	45.00	2.00	285.1884
3.00	14.00	45.00	2.00	285.5561
5.00	14.00	45.00	2.00	286.2908
7.00	14.00	45.00	2.00	287.3911
9.00	14.00	45.00	2.00	288.8545
11.00	14.00	45.00	2.00	290.6773
13.00	14.00	45.00	2.00	292.8540
1.00	15.00	45.00	2.00	310.5137
3.00	15.00	45.00	2.00	310.9154
5.00	15.00	45.00	2.00	311.7173
7.00	15.00	45.00	2.00	312.9161
9.00	15.00	45.00	2.00	314.5068
11.00	15.00	45.00	2.00	316.4825
13.00	15.00	45.00	2.00	318.8337
1.00	16.00	45.00	2.00	335.5879
3.00	16.00	45.00	2.00	336.0333
5.00	16.00	45.00	2.00	336.9211
7.00	16.00	45.00	2.00	338.2452
9.00	16.00	45.00	2.00	339.9962
11.00	16.00	45.00	2.00	342.1622
13.00	16.00	45.00	2.00	344.7280
1.00	17.00	45.00	2.00	360.4445
3.00	17.00	45.00	2.00	360.9432
5.00	17.00	45.00	2.00	361.9349
7.00	17.00	45.00	2.00	363.4094
9.00	17.00	45.00	2.00	365.3512
11.00	17.00	45.00	2.00	367.7411
13.00	17.00	45.00	2.00	370.5562
1.00	18.00	45.00	2.00	385.1135
3.00	18.00	45.00	2.00	385.6746
5.00	18.00	45.00	2.00	386.7880
7.00	18.00	45.00	2.00	388.4368
9.00	18.00	45.00	2.00	390.5976
11.00	18.00	45.00	2.00	393.2416
13.00	18.00	45.00	2.00	396.3362
1.00	19.00	45.00	2.00	409.6205
3.00	19.00	45.00	2.00	410.2533
5.00	19.00	45.00	2.00	411.5057
7.00	19.00	45.00	2.00	413.3521
9.00	19.00	45.00	2.00	415.7582
11.00	19.00	45.00	2.00	418.6834
13.00	19.00	45.00	2.00	422.0836
1.00	20.00	45.00	2.00	433.9872
3.00	20.00	45.00	2.00	434.7013
5.00	20.00	45.00	2.00	436.1098
7.00	20.00	45.00	2.00	438.1763
9.00	20.00	45.00	2.00	440.8523
11.00	20.00	45.00	2.00	444.0830
13.00	20.00	45.00	2.00	447.8109
1.00	2.00	50.00	2.00	13.3189
1.00	4.00	50.00	2.00	39.5109
3.00	5.00	50.00	2.00	58.3353
1.00	6.00	50.00	2.00	78.4042
3.00	6.00	50.00	2.00	79.1313
5.00	6.00	50.00	2.00	80.5346
1.00	7.00	50.00	2.00	102.3059
3.00	7.00	50.00	2.00	102.8803
5.00	7.00	50.00	2.00	104.0040
7.00	7.00	50.00	2.00	105.7590
1.00	8.00	50.00	2.00	128.4671
3.00	8.00	50.00	2.00	128.9314
5.00	8.00	50.00	2.00	129.8476
7.00	8.00	50.00	2.00	131.1922
9.00	8.00	50.00	2.00	132.9372
1.00	9.00	50.00	2.00	155.9755
3.00	9.00	50.00	2.00	156.3635
5.00	9.00	50.00	2.00	157.1332
7.00	9.00	50.00	2.00	158.2726
9.00	9.00	50.00	2.00	159.7651
11.00	9.00	50.00	2.00	161.6053
1.00	10.00	50.00	2.00	184.0124
3.00	10.00	50.00	2.00	184.3516
5.00	10.00	50.00	2.00	185.0267
7.00	10.00	50.00	2.00	186.0317
9.00	10.00	50.00	2.00	187.3581
11.00	10.00	50.00	2.00	188.9956
13.00	10.00	50.00	2.00	191.3686
1.00	11.00	50.00	2.00	212.0620
3.00	11.00	50.00	2.00	212.3737
5.00	11.00	50.00	2.00	212.9957
7.00	11.00	50.00	2.00	213.9249
9.00	11.00	50.00	2.00	215.1573
11.00	11.00	50.00	2.00	216.6875
13.00	11.00	50.00	2.00	218.5570
1.00	12.00	50.00	2.00	239.8757
3.00	12.00	50.00	2.00	240.1765
5.00	12.00	50.00	2.00	240.7775
7.00	12.00	50.00	2.00	241.6773
9.00	12.00	50.00	2.00	242.8741
11.00	12.00	50.00	2.00	244.3653
13.00	12.00	50.00	2.00	246.1475
1.00	13.00	50.00	2.00	267.3643
3.00	13.00	50.00	2.00	267.6671
5.00	13.00	50.00	2.00	268.2725
7.00	13.00	50.00	2.00	269.1798
9.00	13.00	50.00	2.00	270.3882
11.00	13.00	50.00	2.00	271.8961
13.00	13.00	50.00	2.00	273.7013
1.00	14.00	50.00	2.00	294.5164
3.00	14.00	50.00	2.00	294.8319
5.00	14.00	50.00	2.00	295.4626
7.00	14.00	50.00	2.00	296.4079
9.00	14.00	50.00	2.00	297.6669
11.00	14.00	50.00	2.00	299.2380
13.00	14.00	50.00	2.00	301.1185
1.00	15.00	50.00	2.00	321.3535
3.00	15.00	50.00	2.00	321.6909
5.00	15.00	50.00	2.00	322.3649
7.00	15.00	50.00	2.00	323.3745
9.00	15.00	50.00	2.00	324.7178
11.00	15.00	50.00	2.00	326.3917
13.00	15.00	50.00	2.00	328.3923
1.00	16.00	50.00	2.00	347.9084
3.00	16.00	50.00	2.00	348.2759
5.00	16.00	50.00	2.00	349.0096
7.00	16.00	50.00	2.00	350.1071
9.00	16.00	50.00	2.00	351.5644
11.00	16.00	50.00	2.00	353.3763
13.00	16.00	50.00	2.00	355.5357
1.00	17.00	50.00	2.00	374.2151
3.00	17.00	50.00	2.00	374.6206
5.00	17.00	50.00	2.00	375.4293
7.00	17.00	50.00	2.00	376.6365
9.00	17.00	50.00	2.00	378.2354
11.00	17.00	50.00	2.00	380.2168
13.00	17.00	50.00	2.00	382.5694
1.00	18.00	50.00	2.00	400.3056
3.00	18.00	50.00	2.00	400.7567
5.00	18.00	50.00	2.00	401.6551
7.00	18.00	50.00	2.00	402.9929
9.00	18.00	50.00	2.00	404.7589
11.00	18.00	50.00	2.00	406.9386
13.00	18.00	50.00	2.00	409.5150
1.00	19.00	50.00	2.00	426.2081
3.00	19.00	50.00	2.00	426.7124
5.00	19.00	50.00	2.00	427.7149
7.00	19.00	50.00	2.00	429.2033
9.00	19.00	50.00	2.00	431.1605
11.00	19.00	50.00	2.00	433.5650
13.00	19.00	50.00	2.00	436.3925
1.00	20.00	50.00	2.00	451.9470
3.00	20.00	50.00	2.00	452.5122
5.00	20.00	50.00	2.00	453.6330
7.00	20.00	50.00	2.00	455.2915
9.00	20.00	50.00	2.00	457.4628
11.00	20.00	50.00	2.00	460.1166
13.00	20.00	50.00	2.00	463.2194
1.00	2.00	5.00	2.50	14.6725
1.00	4.00	5.00	2.50	35.3466
1.00	5.00	5.00	2.50	34.3798
3.00	6.00	5.00	2.50	59.9979
1.00	7.00	5.00	2.50	65.8640
3.00	7.00	5.00	2.50	71.1697
1.00	8.00	5.00	2.50	64.5397
1.00	9.00	5.00	2.50	63.5839
3.00	10.00	5.00	2.50	104.7999
1.00	11.00	5.00	2.50	106.4404
3.00	11.00	5.00	2.50	116.0269
1.00	12.00	5.00	2.50	106.0398
3.00	12.00	5.00	2.50	113.5143
1.00	13.00	5.00	2.50	104.0951
1.00	14.00	5.00	2.50	102.7074
1.00	15.00	5.00	2.50	103.1395
1.00	16.00	5.00	2.50	100.6249
3.00	17.00	5.00	2.50	183.4535
1.00	18.00	5.00	2.50	177.5636
3.00	18.00	5.00	2.50	179.9975
1.00	20.00	5.00	2.50	197.8883
3.00	20.00	5.00	2.50	202.3284
1.00	2.00	10.00	2.50	14.8425
1.00	3.00	10.00	2.50	26.8923
1.00	4.00	10.00	2.50	25.6221
3.00	5.00	10.00	2.50	55.5421
1.00	6.00	10.00	2.50	67.8670
3.00	6.00	10.00	2.50	69.3232
5.00	7.00	10.00	2.50	86.3646
1.00	8.00	10.00	2.50	94.3754
3.00	8.00	10.00	2.50	96.7468
5.00	8.00	10.00	2.50	100.7200
5.00	9.00	10.00	2.50	115.1318
1.00	10.00	10.00	2.50	120.4189
3.00	10.00	10.00	2.50	124.1445
5.00	10.00	10.00	2.50	129.5818
1.00	11.00	10.00	2.50	107.7598
3.00	11.00	10.00	2.50	111.6380
5.00	11.00	10.00	2.50	118.0430
1.00	12.00	10.00	2.50	114.3882
5.00	12.00	10.00	2.50	129.6872
1.00	13.00	10.00	2.50	108.8401
3.00	13.00	10.00	2.50	117.4545
5.00	14.00	10.00	2.50	187.5616
1.00	15.00	10.00	2.50	184.8796
3.00	15.00	10.00	2.50	192.8295
5.00	15.00	10.00	2.50	202.0768
1.00	16.00	10.00	2.50	176.5670
3.00	16.00	10.00	2.50	180.4270
5.00	16.00	10.00	2.50	187.9371
1.00	17.00	10.00	2.50	190.1243
3.00	17.00	10.00	2.50	194.2087
5.00	17.00	10.00	2.50	202.0832
1.00	18.00	10.00	2.50	203.6009
3.00	18.00	10.00	2.50	207.9695
5.00	18.00	10.00	2.50	216.2793
1.00	19.00	10.00	2.50	217.0026
3.00	19.00	10.00	2.50	221.7108
5.00	19.00	10.00	2.50	230.5171
1.00	20.00	10.00	2.50	230.3363
3.00	20.00	10.00	2.50	235.4355
5.00	20.00	10.00	2.50	244.7905
1.00	2.00	15.00	2.50	14.8489
1.00	3.00	15.00	2.50	27.1370
1.00	4.00	15.00	2.50	25.6221
3.00	5.00	15.00	2.50	59.3791
1.00	6.00	15.00	2.50	74.9159
3.00	6.00	15.00	2.50	75.7678
1.00	7.00	15.00	2.50	91.1124
3.00	7.00	15.00	2.50	92.0400
5.00	7.00	15.00	2.50	93.8814
1.00	8.00	15.00	2.50	107.0412
3.00	8.00	15.00	2.50	108.1372
5.00	8.00	15.00	2.50	110.2757
1.00	9.00	15.00	2.50	122.7468
3.00	9.00	15.00	2.50	124.0918
5.00	9.00	15.00	2.50	126.6446
7.00	9.00	15.00	2.50	130.1755
1.00	10.00	15.00	2.50	138.2798
3.00	10.00	15.00	2.50	139.9474
5.00	10.00	15.00	2.50	143.0058
7.00	10.00	15.00	2.50	147.0775
1.00	11.00	15.00	2.50	153.6813
3.00	11.00	15.00	2.50	155.7406
5.00	11.00	15.00	2.50	159.3735
7.00	11.00	15.00	2.50	164.0279
9.00	11.00	15.00	2.50	169.1400
1.00	12.00	15.00	2.50	168.9833
3.00	12.00	15.00	2.50	171.4979
5.00	12.00	15.00	2.50	175.7551
7.00	12.00	15.00	2.50	181.0153
9.00	12.00	15.00	2.50	186.6491
1.00	13.00	15.00	2.50	184.2096
3.00	13.00	15.00	2.50	187.2373
5.00	13.00	15.00	2.50	192.1526
7.00	13.00	15.00	2.50	198.0304
9.00	13.00	15.00	2.50	204.1922
1.00	14.00	15.00	2.50	195.6886
3.00	14.00	15.00	2.50	193.4620
1.00	15.00	15.00	2.50	212.7951
3.00	15.00	15.00	2.50	212.6689
5.00	15.00	15.00	2.50	212.5194
9.00	15.00	15.00	2.50	239.3417
7.00	16.00	15.00	2.50	249.1743
1.00	17.00	15.00	2.50	244.6622
3.00	17.00	15.00	2.50	250.1833
5.00	17.00	15.00	2.50	257.8680
7.00	17.00	15.00	2.50	266.2412
3.00	18.00	15.00	2.50	227.3035
5.00	18.00	15.00	2.50	232.3891
7.00	18.00	15.00	2.50	239.8563
9.00	18.00	15.00	2.50	248.6275
1.00	19.00	15.00	2.50	274.7458
3.00	19.00	15.00	2.50	281.6847
5.00	19.00	15.00	2.50	290.7687
7.00	19.00	15.00	2.50	300.3893
3.00	20.00	15.00	2.50	259.9073
5.00	20.00	15.00	2.50	265.2290
7.00	20.00	15.00	2.50	273.0526
9.00	20.00	15.00	2.50	281.8428
1.00	2.00	20.00	2.50	14.8450
1.00	4.00	20.00	2.50	42.6261
3.00	4.00	20.00	2.50	43.7334
3.00	5.00	20.00	2.50	61.1787
5.00	5.00	20.00	2.50	62.8093
1.00	6.00	20.00	2.50	78.9636
3.00	6.00	20.00	2.50	79.6615
5.00	6.00	20.00	2.50	81.0374
1.00	7.00	20.00	2.50	97.6153
3.00	7.00	20.00	2.50	98.2770
5.00	7.00	20.00	2.50	99.5959
7.00	7.00	20.00	2.50	101.5985
1.00	8.00	20.00	2.50	116.0157
3.00	8.00	20.00	2.50	116.7130
5.00	8.00	20.00	2.50	118.1044
7.00	8.00	20.00	2.50	120.1780
1.00	9.00	20.00	2.50	134.1293
3.00	9.00	20.00	2.50	134.9189
5.00	9.00	20.00	2.50	136.4846
7.00	9.00	20.00	2.50	138.7953
1.00	10.00	20.00	2.50	151.9918
3.00	10.00	20.00	2.50	152.9229
5.00	10.00	20.00	2.50	154.7475
7.00	10.00	20.00	2.50	157.3946
9.00	10.00	20.00	2.50	160.7572
1.00	11.00	20.00	2.50	169.6497
3.00	11.00	20.00	2.50	170.7682
5.00	11.00	20.00	2.50	172.9250
7.00	11.00	20.00	2.50	175.9859
9.00	11.00	20.00	2.50	179.7848
1.00	12.00	20.00	2.50	187.1442
3.00	12.00	20.00	2.50	188.4947
5.00	12.00	20.00	2.50	191.0476
7.00	12.00	20.00	2.50	194.5815
9.00	12.00	20.00	2.50	198.8611
11.00	12.00	20.00	2.50	203.6197
1.00	13.00	20.00	2.50	204.5086
3.00	13.00	20.00	2.50	206.1346
5.00	13.00	20.00	2.50	209.1393
7.00	13.00	20.00	2.50	213.1898
9.00	13.00	20.00	2.50	217.9782
11.00	13.00	20.00	2.50	223.2080
1.00	14.00	20.00	2.50	221.7693
3.00	14.00	20.00	2.50	223.7134
5.00	14.00	20.00	2.50	227.2167
7.00	14.00	20.00	2.50	231.8147
9.00	14.00	20.00	2.50	237.1285
11.00	14.00	20.00	2.50	242.8214
1.00	15.00	20.00	2.50	238.9468
3.00	15.00	20.00	2.50	241.2502
5.00	15.00	20.00	2.50	245.2908
7.00	15.00	20.00	2.50	250.4567
9.00	15.00	20.00	2.50	256.3051
11.00	15.00	20.00	2.50	262.4760
1.00	16.00	20.00	2.50	256.0570
3.00	16.00	20.00	2.50	258.7594
5.00	16.00	20.00	2.50	263.3680
7.00	16.00	20.00	2.50	269.1145
9.00	16.00	20.00	2.50	275.5020
11.00	16.00	20.00	2.50	282.1537
1.00	17.00	20.00	2.50	273.1129
3.00	17.00	20.00	2.50	276.2515
5.00	17.00	20.00	2.50	281.4515
7.00	17.00	20.00	2.50	287.7859
9.00	17.00	20.00	2.50	294.7144
11.00	17.00	20.00	2.50	301.8488
1.00	18.00	20.00	2.50	290.1245
3.00	18.00	20.00	2.50	293.7341
5.00	18.00	20.00	2.50	299.5426
7.00	18.00	20.00	2.50	306.4683
9.00	18.00	20.00	2.50	313.9383
11.00	18.00	20.00	2.50	321.5567
1.00	19.00	20.00	2.50	307.1002
3.00	19.00	20.00	2.50	311.2123
5.00	19.00	20.00	2.50	317.6414
7.00	19.00	20.00	2.50	325.1595
9.00	19.00	20.00	2.50	333.1708
11.00	19.00	20.00	2.50	341.2744
7.00	20.00	20.00	2.50	333.5225
9.00	20.00	20.00	2.50	312.7703
1.00	2.00	25.00	2.50	14.8450
1.00	4.00	25.00	2.50	42.7358
3.00	4.00	25.00	2.50	43.8550
1.00	6.00	25.00	2.50	81.2063
3.00	6.00	25.00	2.50	81.8601
5.00	6.00	25.00	2.50	83.1396
1.00	7.00	25.00	2.50	101.8602
3.00	7.00	25.00	2.50	102.4273
5.00	7.00	25.00	2.50	103.5518
7.00	7.00	25.00	2.50	105.3173
1.00	8.00	25.00	2.50	122.4472
3.00	8.00	25.00	2.50	122.9904
5.00	8.00	25.00	2.50	124.0744
7.00	8.00	25.00	2.50	125.6938
1.00	9.00	25.00	2.50	142.7618
3.00	9.00	25.00	2.50	143.3280
5.00	9.00	25.00	2.50	144.4589
7.00	9.00	25.00	2.50	146.1502
9.00	9.00	25.00	2.50	148.3901
1.00	10.00	25.00	2.50	162.7793
3.00	10.00	25.00	2.50	163.4058
5.00	10.00	25.00	2.50	164.6536
7.00	10.00	25.00	2.50	166.5111
9.00	10.00	25.00	2.50	168.9558
1.00	11.00	25.00	2.50	182.5315
3.00	11.00	25.00	2.50	183.2510
5.00	11.00	25.00	2.50	184.6755
7.00	11.00	25.00	2.50	186.7765
9.00	11.00	25.00	2.50	189.5100
11.00	11.00	25.00	2.50	192.8115
1.00	12.00	25.00	2.50	202.0612
3.00	12.00	25.00	2.50	202.9042
5.00	12.00	25.00	2.50	204.5592
7.00	12.00	25.00	2.50	206.9691
9.00	12.00	25.00	2.50	210.0576
11.00	12.00	25.00	2.50	213.7297
1.00	13.00	25.00	2.50	221.4080
3.00	13.00	25.00	2.50	222.4044
5.00	13.00	25.00	2.50	224.3392
7.00	13.00	25.00	2.50	227.1137
9.00	13.00	25.00	2.50	230.6088
11.00	13.00	25.00	2.50	234.6945
13.00	13.00	25.00	2.50	239.2178
1.00	14.00	25.00	2.50	240.6053
3.00	14.00	25.00	2.50	241.7846
5.00	14.00	25.00	2.50	244.0451
7.00	14.00	25.00	2.50	247.2310
9.00	14.00	25.00	2.50	251.1715
11.00	14.00	25.00	2.50	255.6993
13.00	14.00	25.00	2.50	260.6355
1.00	15.00	25.00	2.50	259.6800
3.00	15.00	25.00	2.50	261.0717
5.00	15.00	25.00	2.50	263.7004
7.00	15.00	25.00	2.50	267.3363
9.00	15.00	25.00	2.50	271.7504
11.00	15.00	25.00	2.50	276.7391
13.00	15.00	25.00	2.50	282.1030
1.00	16.00	25.00	2.50	278.6537
3.00	16.00	25.00	2.50	280.2874
5.00	16.00	25.00	2.50	283.3228
7.00	16.00	25.00	2.50	287.4398
9.00	16.00	25.00	2.50	292.3473
11.00	16.00	25.00	2.50	297.8083
13.00	16.00	25.00	2.50	303.6072
1.00	17.00	25.00	2.50	297.5438
3.00	17.00	25.00	2.50	299.4489
5.00	17.00	25.00	2.50	302.9255
7.00	17.00	25.00	2.50	307.5477
9.00	17.00	25.00	2.50	312.9617
11.00	17.00	25.00	2.50	318.9018
13.00	17.00	25.00	2.50	325.1396
1.00	18.00	25.00	2.50	316.3642
3.00	18.00	25.00	2.50	318.5698
5.00	18.00	25.00	2.50	322.5181
7.00	18.00	25.00	2.50	327.6634
9.00	18.00	25.00	2.50	333.5919
11.00	18.00	25.00	2.50	340.0145
13.00	18.00	25.00	2.50	346.6938
1.00	19.00	25.00	2.50	335.1262
3.00	19.00	25.00	2.50	337.6610
5.00	19.00	25.00	2.50	342.1069
7.00	19.00	25.00	2.50	347.7881
9.00	19.00	25.00	2.50	354.2357
11.00	19.00	25.00	2.50	361.1425
13.00	19.00	25.00	2.50	368.2645
1.00	20.00	25.00	2.50	353.8391
3.00	20.00	25.00	2.50	356.7309
5.00	20.00	25.00	2.50	361.6961
7.00	20.00	25.00	2.50	367.9220
9.00	20.00	25.00	2.50	374.8909
11.00	20.00	25.00	2.50	382.2824
13.00	20.00	25.00	2.50	389.8480
1.00	2.00	30.00	2.50	14.8450
1.00	4.00	30.00	2.50	42.7615
3.00	4.00	30.00	2.50	43.8733
3.00	5.00	30.00	2.50	62.2363
1.00	6.00	30.00	2.50	82.3947
3.00	6.00	30.00	2.50	83.0377
5.00	6.00	30.00	2.50	84.2912
1.00	7.00	30.00	2.50	104.5746
3.00	7.00	30.00	2.50	105.1056
5.00	7.00	30.00	2.50	106.1543
7.00	7.00	30.00	2.50	107.7008
1.00	8.00	30.00	2.50	127.0394
3.00	8.00	30.00	2.50	127.5147
5.00	8.00	30.00	2.50	128.4606
7.00	8.00	30.00	2.50	129.8676
9.00	8.00	30.00	2.50	131.7811
1.00	9.00	30.00	2.50	149.3504
3.00	9.00	30.00	2.50	149.8122
5.00	9.00	30.00	2.50	150.7344
7.00	9.00	30.00	2.50	152.1140
9.00	9.00	30.00	2.50	153.9724
1.00	10.00	30.00	2.50	171.3692
3.00	10.00	30.00	2.50	171.8496
5.00	10.00	30.00	2.50	172.8094
7.00	10.00	30.00	2.50	174.2466
9.00	10.00	30.00	2.50	176.1560
11.00	10.00	30.00	2.50	178.5262
1.00	11.00	30.00	2.50	193.0848
3.00	11.00	30.00	2.50	193.6098
5.00	11.00	30.00	2.50	194.6573
7.00	11.00	30.00	2.50	196.2214
9.00	11.00	30.00	2.50	198.2916
11.00	11.00	30.00	2.50	200.8495
13.00	11.00	30.00	2.50	203.8636
1.00	12.00	30.00	2.50	214.5282
3.00	12.00	30.00	2.50	215.1210
5.00	12.00	30.00	2.50	216.2995
7.00	12.00	30.00	2.50	218.0494
9.00	12.00	30.00	2.50	220.3487
11.00	12.00	30.00	2.50	223.1659
13.00	12.00	30.00	2.50	226.4553
1.00	13.00	30.00	2.50	235.7392
3.00	13.00	30.00	2.50	236.4214
5.00	13.00	30.00	2.50	237.7707
7.00	13.00	30.00	2.50	239.7583
9.00	13.00	30.00	2.50	242.3442
11.00	13.00	30.00	2.50	245.4777
13.00	13.00	30.00	2.50	249.0980
1.00	14.00	30.00	2.50	256.7558
3.00	14.00	30.00	2.50	257.5483
5.00	14.00	30.00	2.50	259.1057
7.00	14.00	30.00	2.50	261.3775
9.00	14.00	30.00	2.50	264.2983
11.00	14.00	30.00	2.50	267.7930
13.00	14.00	30.00	2.50	271.7779
1.00	15.00	30.00	2.50	277.6100
3.00	15.00	30.00	2.50	278.5340
5.00	15.00	30.00	2.50	280.3352
7.00	15.00	30.00	2.50	282.9329
9.00	15.00	30.00	2.50	286.2288
11.00	15.00	30.00	2.50	290.1193
13.00	15.00	30.00	2.50	294.4985
1.00	16.00	30.00	2.50	298.3289
3.00	16.00	30.00	2.50	299.4053
5.00	16.00	30.00	2.50	301.4846
7.00	16.00	30.00	2.50	304.4454
9.00	16.00	30.00	2.50	308.1493
11.00	16.00	30.00	2.50	312.4613
13.00	16.00	30.00	2.50	317.2539
1.00	17.00	30.00	2.50	318.9342
3.00	17.00	30.00	2.50	320.1844
5.00	17.00	30.00	2.50	322.5745
7.00	17.00	30.00	2.50	325.9310
9.00	17.00	30.00	2.50	330.0693
11.00	17.00	30.00	2.50	334.8215
13.00	17.00	30.00	2.50	340.0400
1.00	18.00	30.00	2.50	339.4438
3.00	18.00	30.00	2.50	340.8894
5.00	18.00	30.00	2.50	343.6213
7.00	18.00	30.00	2.50	347.4018
9.00	18.00	30.00	2.50	351.9946
11.00	18.00	30.00	2.50	357.1999
13.00	18.00	30.00	2.50	362.8523
1.00	19.00	30.00	2.50	359.8725
3.00	19.00	30.00	2.50	361.5352
5.00	19.00	30.00	2.50	364.6379
7.00	19.00	30.00	2.50	368.8660
9.00	19.00	30.00	2.50	373.9286
11.00	19.00	30.00	2.50	379.5956
13.00	19.00	30.00	2.50	385.6866
1.00	20.00	30.00	2.50	380.2321
3.00	20.00	30.00	2.50	382.1339
5.00	20.00	30.00	2.50	385.6342
7.00	20.00	30.00	2.50	390.3295
9.00	20.00	30.00	2.50	395.8728
11.00	20.00	30.00	2.50	402.0066
13.00	20.00	30.00	2.50	408.5387
1.00	2.00	35.00	2.50	14.8457
1.00	4.00	35.00	2.50	42.7675
3.00	4.00	35.00	2.50	43.8726
3.00	5.00	35.00	2.50	62.3494
1.00	6.00	35.00	2.50	82.9996
3.00	6.00	35.00	2.50	83.6420
5.00	6.00	35.00	2.50	84.8919
1.00	7.00	35.00	2.50	106.2652
3.00	7.00	35.00	2.50	106.7833
5.00	7.00	35.00	2.50	107.8037
7.00	7.00	35.00	2.50	109.2979
1.00	8.00	35.00	2.50	130.2790
3.00	8.00	35.00	2.50	130.7228
5.00	8.00	35.00	2.50	131.6038
7.00	8.00	35.00	2.50	132.9094
9.00	8.00	35.00	2.50	134.6776
1.00	9.00	35.00	2.50	154.3685
3.00	9.00	35.00	2.50	154.7771
5.00	9.00	35.00	2.50	155.5917
7.00	9.00	35.00	2.50	156.8074
9.00	9.00	35.00	2.50	158.4171
11.00	9.00	35.00	2.50	160.4153
1.00	10.00	35.00	2.50	178.2376
3.00	10.00	35.00	2.50	178.6402
5.00	10.00	35.00	2.50	179.4448
7.00	10.00	35.00	2.50	180.6494
9.00	10.00	35.00	2.50	182.2512
11.00	10.00	35.00	2.50	184.2446
1.00	11.00	35.00	2.50	201.7993
3.00	11.00	35.00	2.50	202.2189
5.00	11.00	35.00	2.50	203.0576
7.00	11.00	35.00	2.50	204.3141
9.00	11.00	35.00	2.50	205.9853
11.00	11.00	35.00	2.50	208.0658
13.00	11.00	35.00	2.50	210.5448
1.00	12.00	35.00	2.50	225.0549
3.00	12.00	35.00	2.50	225.5106
5.00	12.00	35.00	2.50	226.4204
7.00	12.00	35.00	2.50	227.7807
9.00	12.00	35.00	2.50	229.5856
11.00	12.00	35.00	2.50	231.8250
13.00	12.00	35.00	2.50	234.4832
1.00	13.00	35.00	2.50	248.0358
3.00	13.00	35.00	2.50	248.5445
5.00	13.00	35.00	2.50	249.5580
7.00	13.00	35.00	2.50	251.0676
9.00	13.00	35.00	2.50	253.0606
11.00	13.00	35.00	2.50	255.5188
13.00	13.00	35.00	2.50	258.4174
1.00	14.00	35.00	2.50	270.7796
3.00	14.00	35.00	2.50	271.3575
5.00	14.00	35.00	2.50	272.5046
7.00	14.00	35.00	2.50	274.2045
9.00	14.00	35.00	2.50	276.4333
11.00	14.00	35.00	2.50	279.1605
13.00	14.00	35.00	2.50	282.3489
1.00	15.00	35.00	2.50	293.3221
3.00	15.00	35.00	2.50	293.9847
5.00	15.00	35.00	2.50	295.2943
7.00	15.00	35.00	2.50	297.2221
9.00	15.00	35.00	2.50	299.7286
11.00	15.00	35.00	2.50	302.7670
13.00	15.00	35.00	2.50	306.2844
1.00	16.00	35.00	2.50	315.6944
3.00	16.00	35.00	2.50	316.4571
5.00	16.00	35.00	2.50	317.9571
7.00	16.00	35.00	2.50	320.1478
9.00	16.00	35.00	2.50	322.9690
11.00	16.00	35.00	2.50	326.3535
13.00	16.00	35.00	2.50	330.2307
1.00	17.00	35.00	2.50	337.9225
3.00	17.00	35.00	2.50	338.8012
5.00	17.00	35.00	2.50	340.5186
7.00	17.00	35.00	2.50	343.0046
9.00	17.00	35.00	2.50	346.1729
11.00	17.00	35.00	2.50	349.9321
13.00	17.00	35.00	2.50	354.1924
1.00	18.00	35.00	2.50	360.0283
3.00	18.00	35.00	2.50	361.0387
5.00	18.00	35.00	2.50	363.0001
7.00	18.00	35.00	2.50	365.8116
9.00	18.00	35.00	2.50	369.3547
11.00	18.00	35.00	2.50	373.5114
13.00	18.00	35.00	2.50	378.1722
1.00	19.00	35.00	2.50	382.0296
3.00	19.00	35.00	2.50	383.1880
5.00	19.00	35.00	2.50	385.4193
7.00	19.00	35.00	2.50	388.5836
9.00	19.00	35.00	2.50	392.5251
11.00	19.00	35.00	2.50	397.0969
13.00	19.00	35.00	2.50	402.1706
1.00	20.00	35.00	2.50	403.9414
3.00	20.00	35.00	2.50	405.2642
5.00	20.00	35.00	2.50	407.7904
7.00	20.00	35.00	2.50	411.3323
9.00	20.00	35.00	2.50	415.6916
11.00	20.00	35.00	2.50	420.6920
13.00	20.00	35.00	2.50	426.1871
1.00	2.00	40.00	2.50	14.8460
1.00	4.00	40.00	2.50	42.7689
3.00	4.00	40.00	2.50	43.8855
1.00	6.00	40.00	2.50	83.2984
3.00	6.00	40.00	2.50	83.9427
5.00	6.00	40.00	2.50	85.1949
1.00	7.00	40.00	2.50	107.2909
3.00	7.00	40.00	2.50	107.8054
5.00	7.00	40.00	2.50	108.8174
7.00	7.00	40.00	2.50	110.2956
1.00	8.00	40.00	2.50	132.5280
3.00	8.00	40.00	2.50	132.9575
5.00	8.00	40.00	2.50	133.8084
7.00	8.00	40.00	2.50	135.0660
9.00	8.00	40.00	2.50	136.7204
1.00	9.00	40.00	2.50	158.1637
3.00	9.00	40.00	2.50	158.5440
5.00	9.00	40.00	2.50	159.3009
7.00	9.00	40.00	2.50	160.4278
9.00	9.00	40.00	2.50	161.9155
11.00	9.00	40.00	2.50	164.0050
1.00	10.00	40.00	2.50	183.7248
3.00	10.00	40.00	2.50	184.0834
5.00	10.00	40.00	2.50	184.7991
7.00	10.00	40.00	2.50	185.8695
9.00	10.00	40.00	2.50	187.2904
11.00	10.00	40.00	2.50	189.1014
1.00	11.00	40.00	2.50	209.0180
3.00	11.00	40.00	2.50	209.3760
5.00	11.00	40.00	2.50	210.0917
7.00	11.00	40.00	2.50	211.1640
9.00	11.00	40.00	2.50	212.5911
11.00	11.00	40.00	2.50	214.3701
13.00	11.00	40.00	2.50	216.4962
1.00	12.00	40.00	2.50	233.9939
3.00	12.00	40.00	2.50	234.3684
5.00	12.00	40.00	2.50	235.1169
7.00	12.00	40.00	2.50	236.2386
9.00	12.00	40.00	2.50	237.7315
11.00	12.00	40.00	2.50	239.5922
13.00	12.00	40.00	2.50	241.8149
1.00	13.00	40.00	2.50	258.6637
3.00	13.00	40.00	2.50	259.0690
5.00	13.00	40.00	2.50	259.8784
7.00	13.00	40.00	2.50	261.0896
9.00	13.00	40.00	2.50	262.6984
11.00	13.00	40.00	2.50	264.6986
13.00	13.00	40.00	2.50	267.0807
1.00	14.00	40.00	2.50	283.0591
3.00	14.00	40.00	2.50	283.5082
5.00	14.00	40.00	2.50	284.4037
7.00	14.00	40.00	2.50	285.7399
9.00	14.00	40.00	2.50	287.5085
11.00	14.00	40.00	2.50	289.6975
13.00	14.00	40.00	2.50	292.2913
1.00	15.00	40.00	2.50	307.2161
3.00	15.00	40.00	2.50	307.7213
5.00	15.00	40.00	2.50	308.7262
7.00	15.00	40.00	2.50	310.2202
9.00	15.00	40.00	2.50	312.1876
11.00	15.00	40.00	2.50	314.6083
13.00	15.00	40.00	2.50	317.4579
1.00	16.00	40.00	2.50	331.1685
3.00	16.00	40.00	2.50	331.7418
5.00	16.00	40.00	2.50	332.8787
7.00	16.00	40.00	2.50	334.5609
9.00	16.00	40.00	2.50	336.7626
11.00	16.00	40.00	2.50	339.4525
13.00	16.00	40.00	2.50	342.5948
1.00	17.00	40.00	2.50	354.9459
3.00	17.00	40.00	2.50	355.5991
5.00	17.00	40.00	2.50	356.8901
7.00	17.00	40.00	2.50	358.7894
9.00	17.00	40.00	2.50	361.2579
11.00	17.00	40.00	2.50	364.2497
13.00	17.00	40.00	2.50	367.7153
1.00	18.00	40.00	2.50	378.5735
3.00	18.00	40.00	2.50	379.3188
5.00	18.00	40.00	2.50	380.7854
7.00	18.00	40.00	2.50	382.9295
9.00	18.00	40.00	2.50	385.6942
11.00	18.00	40.00	2.50	389.0161
13.00	18.00	40.00	2.50	392.8299
1.00	19.00	40.00	2.50	402.0725
3.00	19.00	40.00	2.50	402.9221
5.00	19.00	40.00	2.50	404.5859
7.00	19.00	40.00	2.50	407.0010
9.00	19.00	40.00	2.50	410.0884
11.00	19.00	40.00	2.50	413.7644
13.00	19.00	40.00	2.50	417.9466
1.00	20.00	40.00	2.50	425.4607
3.00	20.00	40.00	2.50	426.4271
5.00	20.00	40.00	2.50	428.3094
7.00	20.00	40.00	2.50	431.0201
9.00	20.00	40.00	2.50	434.4540
11.00	20.00	40.00	2.50	438.5041
13.00	20.00	40.00	2.50	443.0704
1.00	2.00	45.00	2.50	14.8458
1.00	4.00	45.00	2.50	42.7692
3.00	4.00	45.00	2.50	43.8888
1.00	6.00	45.00	2.50	83.4432
3.00	6.00	45.00	2.50	84.0893
5.00	6.00	45.00	2.50	85.3445
1.00	7.00	45.00	2.50	107.8992
3.00	7.00	45.00	2.50	108.4139
5.00	7.00	45.00	2.50	109.4252
7.00	7.00	45.00	2.50	110.9004
1.00	8.00	45.00	2.50	134.0628
3.00	8.00	45.00	2.50	134.4863
5.00	8.00	45.00	2.50	135.3243
7.00	8.00	45.00	2.50	136.5606
9.00	8.00	45.00	2.50	138.1727
1.00	9.00	45.00	2.50	161.0058
3.00	9.00	45.00	2.50	161.3708
5.00	9.00	45.00	2.50	162.0967
7.00	9.00	45.00	2.50	163.1753
9.00	9.00	45.00	2.50	164.5957
11.00	9.00	45.00	2.50	166.6640
1.00	10.00	45.00	2.50	188.0908
3.00	10.00	45.00	2.50	188.4235
5.00	10.00	45.00	2.50	189.0868
7.00	10.00	45.00	2.50	190.0773
9.00	10.00	45.00	2.50	191.3897
11.00	10.00	45.00	2.50	193.0423
13.00	10.00	45.00	2.50	194.9578
1.00	11.00	45.00	2.50	214.9973
3.00	11.00	45.00	2.50	215.3175
5.00	11.00	45.00	2.50	215.9573
7.00	11.00	45.00	2.50	216.9151
9.00	11.00	45.00	2.50	218.1888
11.00	11.00	45.00	2.50	219.7753
13.00	11.00	45.00	2.50	221.6702
1.00	12.00	45.00	2.50	241.6044
3.00	12.00	45.00	2.50	241.9279
5.00	12.00	45.00	2.50	242.5748
7.00	12.00	45.00	2.50	243.5443
9.00	12.00	45.00	2.50	244.8355
11.00	12.00	45.00	2.50	246.4464
13.00	12.00	45.00	2.50	248.3741
1.00	13.00	45.00	2.50	267.8894
3.00	13.00	45.00	2.50	268.2291
5.00	13.00	45.00	2.50	268.9083
7.00	13.00	45.00	2.50	269.9261
9.00	13.00	45.00	2.50	271.2812
11.00	13.00	45.00	2.50	272.9712
13.00	13.00	45.00	2.50	274.9925
1.00	14.00	45.00	2.50	293.8705
3.00	14.00	45.00	2.50	294.2375
5.00	14.00	45.00	2.50	294.9708
7.00	14.00	45.00	2.50	296.0685
9.00	14.00	45.00	2.50	297.5275
11.00	14.00	45.00	2.50	299.3433
13.00	14.00	45.00	2.50	301.5095
1.00	15.00	45.00	2.50	319.5797
3.00	15.00	45.00	2.50	319.9844
5.00	15.00	45.00	2.50	320.7916
7.00	15.00	45.00	2.50	321.9975
9.00	15.00	45.00	2.50	323.5958
11.00	15.00	45.00	2.50	325.5781
13.00	15.00	45.00	2.50	327.9336
1.00	16.00	45.00	2.50	345.0515
3.00	16.00	45.00	2.50	345.5033
5.00	16.00	45.00	2.50	346.4032
7.00	16.00	45.00	2.50	347.7437
9.00	16.00	45.00	2.50	349.5136
11.00	16.00	45.00	2.50	351.6988
13.00	16.00	45.00	2.50	354.2819
1.00	17.00	45.00	2.50	370.3176
3.00	17.00	45.00	2.50	370.8262
5.00	17.00	45.00	2.50	371.8368
7.00	17.00	45.00	2.50	373.3368
9.00	17.00	45.00	2.50	375.3083
11.00	17.00	45.00	2.50	377.7290
13.00	17.00	45.00	2.50	380.5730
1.00	18.00	45.00	2.50	395.4064
3.00	18.00	45.00	2.50	395.9811
5.00	18.00	45.00	2.50	397.1202
7.00	18.00	45.00	2.50	398.8038
9.00	18.00	45.00	2.50	401.0047
11.00	18.00	45.00	2.50	403.6902
13.00	18.00	45.00	2.50	406.8241
1.00	19.00	45.00	2.50	420.3419
3.00	19.00	45.00	2.50	420.9923
5.00	19.00	45.00	2.50	422.2774
7.00	19.00	45.00	2.50	424.1679
9.00	19.00	45.00	2.50	426.6242
11.00	19.00	45.00	2.50	429.6009
13.00	19.00	45.00	2.50	433.0494
1.00	20.00	45.00	2.50	445.1447
3.00	20.00	45.00	2.50	445.8805
5.00	20.00	45.00	2.50	447.3292
7.00	20.00	45.00	2.50	449.4489
9.00	20.00	45.00	2.50	452.1849
11.00	20.00	45.00	2.50	455.4762
13.00	20.00	45.00	2.50	459.2602
1.00	2.00	50.00	2.50	14.8730
1.00	4.00	50.00	2.50	42.7693
3.00	4.00	50.00	2.50	43.8725
1.00	6.00	50.00	2.50	83.5125
3.00	6.00	50.00	2.50	84.1599
5.00	6.00	50.00	2.50	85.4173
1.00	7.00	50.00	2.50	108.2537
3.00	7.00	50.00	2.50	108.7696
5.00	7.00	50.00	2.50	109.7829
7.00	7.00	50.00	2.50	111.2598
1.00	8.00	50.00	2.50	135.0932
3.00	8.00	50.00	2.50	135.5148
5.00	8.00	50.00	2.50	136.3485
7.00	8.00	50.00	2.50	137.5769
9.00	8.00	50.00	2.50	139.1759
1.00	9.00	50.00	2.50	163.1104
3.00	9.00	50.00	2.50	163.4675
5.00	9.00	50.00	2.50	164.1771
7.00	9.00	50.00	2.50	165.2301
9.00	9.00	50.00	2.50	166.6141
11.00	9.00	50.00	2.50	168.3154
1.00	10.00	50.00	2.50	191.5437
3.00	10.00	50.00	2.50	191.8608
5.00	10.00	50.00	2.50	192.4928
7.00	10.00	50.00	2.50	193.4352
9.00	10.00	50.00	2.50	194.6817
11.00	10.00	50.00	2.50	196.2245
13.00	10.00	50.00	2.50	198.4476
1.00	11.00	50.00	2.50	219.9390
3.00	11.00	50.00	2.50	220.2353
5.00	11.00	50.00	2.50	220.8269
7.00	11.00	50.00	2.50	221.7116
9.00	11.00	50.00	2.50	222.8867
11.00	11.00	50.00	2.50	224.3484
13.00	11.00	50.00	2.50	226.1174
1.00	12.00	50.00	2.50	248.0867
3.00	12.00	50.00	2.50	248.3770
5.00	12.00	50.00	2.50	248.9573
7.00	12.00	50.00	2.50	249.8267
9.00	12.00	50.00	2.50	250.9840
11.00	12.00	50.00	2.50	252.4274
13.00	12.00	50.00	2.50	254.1542
1.00	13.00	50.00	2.50	275.9159
3.00	13.00	50.00	2.50	276.2123
5.00	13.00	50.00	2.50	276.8048
7.00	13.00	50.00	2.50	277.6930
9.00	13.00	50.00	2.50	278.8763
11.00	13.00	50.00	2.50	280.3534
13.00	13.00	50.00	2.50	282.1223
1.00	14.00	50.00	2.50	303.4224
3.00	14.00	50.00	2.50	303.7347
5.00	14.00	50.00	2.50	304.3592
7.00	14.00	50.00	2.50	305.2950
9.00	14.00	50.00	2.50	306.5412
11.00	14.00	50.00	2.50	308.0958
13.00	14.00	50.00	2.50	309.9563
1.00	15.00	50.00	2.50	330.6291
3.00	15.00	50.00	2.50	330.9663
5.00	15.00	50.00	2.50	331.6401
7.00	15.00	50.00	2.50	332.6488
9.00	15.00	50.00	2.50	333.9901
11.00	15.00	50.00	2.50	335.6604
13.00	15.00	50.00	2.50	337.6551
1.00	16.00	50.00	2.50	357.5680
3.00	16.00	50.00	2.50	357.9383
5.00	16.00	50.00	2.50	358.6774
7.00	16.00	50.00	2.50	359.7820
9.00	16.00	50.00	2.50	361.2475
11.00	16.00	50.00	2.50	363.0675
13.00	16.00	50.00	2.50	365.2336
1.00	17.00	50.00	2.50	384.2719
3.00	17.00	50.00	2.50	384.6831
5.00	17.00	50.00	2.50	385.5026
7.00	17.00	50.00	2.50	386.7248
9.00	17.00	50.00	2.50	388.3415
11.00	17.00	50.00	2.50	390.3418
13.00	17.00	50.00	2.50	392.7127
1.00	18.00	50.00	2.50	410.7710
3.00	18.00	50.00	2.50	411.2307
5.00	18.00	50.00	2.50	412.1455
7.00	18.00	50.00	2.50	413.5060
9.00	18.00	50.00	2.50	415.2990
11.00	18.00	50.00	2.50	417.5079
13.00	18.00	50.00	2.50	420.1132
1.00	19.00	50.00	2.50	437.0919
3.00	19.00	50.00	2.50	437.6079
5.00	19.00	50.00	2.50	438.6324
7.00	19.00	50.00	2.50	440.1513
9.00	19.00	50.00	2.50	442.1447
11.00	19.00	50.00	2.50	444.5882
13.00	19.00	50.00	2.50	447.4543
1.00	20.00	50.00	2.50	463.2579
3.00	20.00	50.00	2.50	463.8378
5.00	20.00	50.00	2.50	464.9866
7.00	20.00	50.00	2.50	466.6835
9.00	20.00	50.00	2.50	468.8999
11.00	20.00	50.00	2.50	471.6019
13.00	20.00	50.00	2.50	474.7522
